filename,label,npy_path
a0001,1,./processed_spectrograms\a0001.npy
a0002,1,./processed_spectrograms\a0002.npy
a0003,1,./processed_spectrograms\a0003.npy
a0004,1,./processed_spectrograms\a0004.npy
a0005,1,./processed_spectrograms\a0005.npy
a0006,1,./processed_spectrograms\a0006.npy
a0007,-1,./processed_spectrograms\a0007.npy
a0008,1,./processed_spectrograms\a0008.npy
a0009,-1,./processed_spectrograms\a0009.npy
a0010,1,./processed_spectrograms\a0010.npy
a0011,-1,./processed_spectrograms\a0011.npy
a0012,-1,./processed_spectrograms\a0012.npy
a0013,1,./processed_spectrograms\a0013.npy
a0014,1,./processed_spectrograms\a0014.npy
a0015,1,./processed_spectrograms\a0015.npy
a0016,-1,./processed_spectrograms\a0016.npy
a0017,1,./processed_spectrograms\a0017.npy
a0018,1,./processed_spectrograms\a0018.npy
a0019,-1,./processed_spectrograms\a0019.npy
a0020,1,./processed_spectrograms\a0020.npy
a0021,1,./processed_spectrograms\a0021.npy
a0022,1,./processed_spectrograms\a0022.npy
a0023,1,./processed_spectrograms\a0023.npy
a0024,1,./processed_spectrograms\a0024.npy
a0025,-1,./processed_spectrograms\a0025.npy
a0026,1,./processed_spectrograms\a0026.npy
a0027,-1,./processed_spectrograms\a0027.npy
a0028,-1,./processed_spectrograms\a0028.npy
a0029,-1,./processed_spectrograms\a0029.npy
a0030,1,./processed_spectrograms\a0030.npy
a0031,1,./processed_spectrograms\a0031.npy
a0032,-1,./processed_spectrograms\a0032.npy
a0033,1,./processed_spectrograms\a0033.npy
a0034,1,./processed_spectrograms\a0034.npy
a0035,-1,./processed_spectrograms\a0035.npy
a0036,1,./processed_spectrograms\a0036.npy
a0037,1,./processed_spectrograms\a0037.npy
a0038,-1,./processed_spectrograms\a0038.npy
a0039,1,./processed_spectrograms\a0039.npy
a0040,1,./processed_spectrograms\a0040.npy
a0041,1,./processed_spectrograms\a0041.npy
a0042,1,./processed_spectrograms\a0042.npy
a0043,1,./processed_spectrograms\a0043.npy
a0044,1,./processed_spectrograms\a0044.npy
a0045,1,./processed_spectrograms\a0045.npy
a0046,1,./processed_spectrograms\a0046.npy
a0047,1,./processed_spectrograms\a0047.npy
a0048,1,./processed_spectrograms\a0048.npy
a0049,-1,./processed_spectrograms\a0049.npy
a0050,-1,./processed_spectrograms\a0050.npy
a0051,1,./processed_spectrograms\a0051.npy
a0052,1,./processed_spectrograms\a0052.npy
a0053,-1,./processed_spectrograms\a0053.npy
a0054,1,./processed_spectrograms\a0054.npy
a0055,-1,./processed_spectrograms\a0055.npy
a0056,1,./processed_spectrograms\a0056.npy
a0057,1,./processed_spectrograms\a0057.npy
a0058,1,./processed_spectrograms\a0058.npy
a0059,1,./processed_spectrograms\a0059.npy
a0060,1,./processed_spectrograms\a0060.npy
a0061,1,./processed_spectrograms\a0061.npy
a0062,1,./processed_spectrograms\a0062.npy
a0063,1,./processed_spectrograms\a0063.npy
a0064,1,./processed_spectrograms\a0064.npy
a0065,1,./processed_spectrograms\a0065.npy
a0066,1,./processed_spectrograms\a0066.npy
a0067,1,./processed_spectrograms\a0067.npy
a0068,-1,./processed_spectrograms\a0068.npy
a0069,-1,./processed_spectrograms\a0069.npy
a0070,-1,./processed_spectrograms\a0070.npy
a0071,-1,./processed_spectrograms\a0071.npy
a0072,1,./processed_spectrograms\a0072.npy
a0073,1,./processed_spectrograms\a0073.npy
a0074,1,./processed_spectrograms\a0074.npy
a0075,1,./processed_spectrograms\a0075.npy
a0076,1,./processed_spectrograms\a0076.npy
a0077,1,./processed_spectrograms\a0077.npy
a0078,1,./processed_spectrograms\a0078.npy
a0079,1,./processed_spectrograms\a0079.npy
a0080,-1,./processed_spectrograms\a0080.npy
a0081,-1,./processed_spectrograms\a0081.npy
a0082,1,./processed_spectrograms\a0082.npy
a0083,1,./processed_spectrograms\a0083.npy
a0084,1,./processed_spectrograms\a0084.npy
a0085,-1,./processed_spectrograms\a0085.npy
a0086,-1,./processed_spectrograms\a0086.npy
a0087,1,./processed_spectrograms\a0087.npy
a0088,-1,./processed_spectrograms\a0088.npy
a0089,1,./processed_spectrograms\a0089.npy
a0090,1,./processed_spectrograms\a0090.npy
a0091,-1,./processed_spectrograms\a0091.npy
a0092,1,./processed_spectrograms\a0092.npy
a0093,-1,./processed_spectrograms\a0093.npy
a0094,-1,./processed_spectrograms\a0094.npy
a0095,1,./processed_spectrograms\a0095.npy
a0096,1,./processed_spectrograms\a0096.npy
a0097,1,./processed_spectrograms\a0097.npy
a0098,1,./processed_spectrograms\a0098.npy
a0099,1,./processed_spectrograms\a0099.npy
a0100,1,./processed_spectrograms\a0100.npy
a0101,1,./processed_spectrograms\a0101.npy
a0102,-1,./processed_spectrograms\a0102.npy
a0103,1,./processed_spectrograms\a0103.npy
a0104,1,./processed_spectrograms\a0104.npy
a0105,-1,./processed_spectrograms\a0105.npy
a0106,-1,./processed_spectrograms\a0106.npy
a0107,1,./processed_spectrograms\a0107.npy
a0108,-1,./processed_spectrograms\a0108.npy
a0109,-1,./processed_spectrograms\a0109.npy
a0110,1,./processed_spectrograms\a0110.npy
a0111,1,./processed_spectrograms\a0111.npy
a0112,1,./processed_spectrograms\a0112.npy
a0113,1,./processed_spectrograms\a0113.npy
a0114,1,./processed_spectrograms\a0114.npy
a0115,1,./processed_spectrograms\a0115.npy
a0116,1,./processed_spectrograms\a0116.npy
a0117,1,./processed_spectrograms\a0117.npy
a0118,-1,./processed_spectrograms\a0118.npy
a0119,1,./processed_spectrograms\a0119.npy
a0120,1,./processed_spectrograms\a0120.npy
a0121,1,./processed_spectrograms\a0121.npy
a0122,1,./processed_spectrograms\a0122.npy
a0123,1,./processed_spectrograms\a0123.npy
a0124,1,./processed_spectrograms\a0124.npy
a0125,-1,./processed_spectrograms\a0125.npy
a0126,1,./processed_spectrograms\a0126.npy
a0127,-1,./processed_spectrograms\a0127.npy
a0128,1,./processed_spectrograms\a0128.npy
a0129,-1,./processed_spectrograms\a0129.npy
a0130,1,./processed_spectrograms\a0130.npy
a0131,1,./processed_spectrograms\a0131.npy
a0132,1,./processed_spectrograms\a0132.npy
a0133,1,./processed_spectrograms\a0133.npy
a0134,1,./processed_spectrograms\a0134.npy
a0135,1,./processed_spectrograms\a0135.npy
a0136,-1,./processed_spectrograms\a0136.npy
a0137,1,./processed_spectrograms\a0137.npy
a0138,1,./processed_spectrograms\a0138.npy
a0139,-1,./processed_spectrograms\a0139.npy
a0140,-1,./processed_spectrograms\a0140.npy
a0141,-1,./processed_spectrograms\a0141.npy
a0142,1,./processed_spectrograms\a0142.npy
a0143,1,./processed_spectrograms\a0143.npy
a0144,1,./processed_spectrograms\a0144.npy
a0145,1,./processed_spectrograms\a0145.npy
a0146,1,./processed_spectrograms\a0146.npy
a0147,1,./processed_spectrograms\a0147.npy
a0148,1,./processed_spectrograms\a0148.npy
a0149,1,./processed_spectrograms\a0149.npy
a0150,1,./processed_spectrograms\a0150.npy
a0151,1,./processed_spectrograms\a0151.npy
a0152,1,./processed_spectrograms\a0152.npy
a0153,-1,./processed_spectrograms\a0153.npy
a0154,-1,./processed_spectrograms\a0154.npy
a0155,-1,./processed_spectrograms\a0155.npy
a0156,1,./processed_spectrograms\a0156.npy
a0157,1,./processed_spectrograms\a0157.npy
a0158,1,./processed_spectrograms\a0158.npy
a0159,1,./processed_spectrograms\a0159.npy
a0160,1,./processed_spectrograms\a0160.npy
a0161,-1,./processed_spectrograms\a0161.npy
a0162,1,./processed_spectrograms\a0162.npy
a0163,1,./processed_spectrograms\a0163.npy
a0164,1,./processed_spectrograms\a0164.npy
a0165,-1,./processed_spectrograms\a0165.npy
a0166,1,./processed_spectrograms\a0166.npy
a0167,1,./processed_spectrograms\a0167.npy
a0168,1,./processed_spectrograms\a0168.npy
a0169,1,./processed_spectrograms\a0169.npy
a0170,1,./processed_spectrograms\a0170.npy
a0171,-1,./processed_spectrograms\a0171.npy
a0172,1,./processed_spectrograms\a0172.npy
a0173,1,./processed_spectrograms\a0173.npy
a0174,1,./processed_spectrograms\a0174.npy
a0175,1,./processed_spectrograms\a0175.npy
a0176,1,./processed_spectrograms\a0176.npy
a0177,1,./processed_spectrograms\a0177.npy
a0178,-1,./processed_spectrograms\a0178.npy
a0179,-1,./processed_spectrograms\a0179.npy
a0180,1,./processed_spectrograms\a0180.npy
a0181,-1,./processed_spectrograms\a0181.npy
a0182,1,./processed_spectrograms\a0182.npy
a0183,1,./processed_spectrograms\a0183.npy
a0184,-1,./processed_spectrograms\a0184.npy
a0185,-1,./processed_spectrograms\a0185.npy
a0186,1,./processed_spectrograms\a0186.npy
a0187,1,./processed_spectrograms\a0187.npy
a0188,1,./processed_spectrograms\a0188.npy
a0189,-1,./processed_spectrograms\a0189.npy
a0190,1,./processed_spectrograms\a0190.npy
a0191,1,./processed_spectrograms\a0191.npy
a0192,1,./processed_spectrograms\a0192.npy
a0193,-1,./processed_spectrograms\a0193.npy
a0194,1,./processed_spectrograms\a0194.npy
a0195,-1,./processed_spectrograms\a0195.npy
a0196,-1,./processed_spectrograms\a0196.npy
a0197,1,./processed_spectrograms\a0197.npy
a0198,1,./processed_spectrograms\a0198.npy
a0199,-1,./processed_spectrograms\a0199.npy
a0200,1,./processed_spectrograms\a0200.npy
a0201,1,./processed_spectrograms\a0201.npy
a0202,1,./processed_spectrograms\a0202.npy
a0203,1,./processed_spectrograms\a0203.npy
a0204,-1,./processed_spectrograms\a0204.npy
a0205,1,./processed_spectrograms\a0205.npy
a0206,1,./processed_spectrograms\a0206.npy
a0207,1,./processed_spectrograms\a0207.npy
a0208,-1,./processed_spectrograms\a0208.npy
a0209,1,./processed_spectrograms\a0209.npy
a0210,-1,./processed_spectrograms\a0210.npy
a0211,-1,./processed_spectrograms\a0211.npy
a0212,-1,./processed_spectrograms\a0212.npy
a0213,1,./processed_spectrograms\a0213.npy
a0214,1,./processed_spectrograms\a0214.npy
a0215,1,./processed_spectrograms\a0215.npy
a0216,1,./processed_spectrograms\a0216.npy
a0217,1,./processed_spectrograms\a0217.npy
a0218,1,./processed_spectrograms\a0218.npy
a0219,1,./processed_spectrograms\a0219.npy
a0220,1,./processed_spectrograms\a0220.npy
a0221,1,./processed_spectrograms\a0221.npy
a0222,1,./processed_spectrograms\a0222.npy
a0223,1,./processed_spectrograms\a0223.npy
a0224,1,./processed_spectrograms\a0224.npy
a0225,1,./processed_spectrograms\a0225.npy
a0226,1,./processed_spectrograms\a0226.npy
a0227,-1,./processed_spectrograms\a0227.npy
a0228,1,./processed_spectrograms\a0228.npy
a0229,-1,./processed_spectrograms\a0229.npy
a0230,1,./processed_spectrograms\a0230.npy
a0231,-1,./processed_spectrograms\a0231.npy
a0232,1,./processed_spectrograms\a0232.npy
a0233,1,./processed_spectrograms\a0233.npy
a0234,1,./processed_spectrograms\a0234.npy
a0235,-1,./processed_spectrograms\a0235.npy
a0236,1,./processed_spectrograms\a0236.npy
a0237,1,./processed_spectrograms\a0237.npy
a0238,-1,./processed_spectrograms\a0238.npy
a0239,1,./processed_spectrograms\a0239.npy
a0240,1,./processed_spectrograms\a0240.npy
a0241,-1,./processed_spectrograms\a0241.npy
a0242,1,./processed_spectrograms\a0242.npy
a0243,-1,./processed_spectrograms\a0243.npy
a0244,1,./processed_spectrograms\a0244.npy
a0245,1,./processed_spectrograms\a0245.npy
a0246,1,./processed_spectrograms\a0246.npy
a0247,1,./processed_spectrograms\a0247.npy
a0248,1,./processed_spectrograms\a0248.npy
a0249,1,./processed_spectrograms\a0249.npy
a0250,-1,./processed_spectrograms\a0250.npy
a0251,1,./processed_spectrograms\a0251.npy
a0252,1,./processed_spectrograms\a0252.npy
a0253,-1,./processed_spectrograms\a0253.npy
a0254,1,./processed_spectrograms\a0254.npy
a0255,1,./processed_spectrograms\a0255.npy
a0256,1,./processed_spectrograms\a0256.npy
a0257,1,./processed_spectrograms\a0257.npy
a0258,1,./processed_spectrograms\a0258.npy
a0259,1,./processed_spectrograms\a0259.npy
a0260,1,./processed_spectrograms\a0260.npy
a0261,1,./processed_spectrograms\a0261.npy
a0262,1,./processed_spectrograms\a0262.npy
a0263,1,./processed_spectrograms\a0263.npy
a0264,-1,./processed_spectrograms\a0264.npy
a0265,1,./processed_spectrograms\a0265.npy
a0266,-1,./processed_spectrograms\a0266.npy
a0267,1,./processed_spectrograms\a0267.npy
a0268,1,./processed_spectrograms\a0268.npy
a0269,1,./processed_spectrograms\a0269.npy
a0270,-1,./processed_spectrograms\a0270.npy
a0271,-1,./processed_spectrograms\a0271.npy
a0272,1,./processed_spectrograms\a0272.npy
a0273,1,./processed_spectrograms\a0273.npy
a0274,-1,./processed_spectrograms\a0274.npy
a0275,1,./processed_spectrograms\a0275.npy
a0276,1,./processed_spectrograms\a0276.npy
a0277,1,./processed_spectrograms\a0277.npy
a0278,1,./processed_spectrograms\a0278.npy
a0279,1,./processed_spectrograms\a0279.npy
a0280,1,./processed_spectrograms\a0280.npy
a0281,1,./processed_spectrograms\a0281.npy
a0282,1,./processed_spectrograms\a0282.npy
a0283,-1,./processed_spectrograms\a0283.npy
a0284,1,./processed_spectrograms\a0284.npy
a0285,-1,./processed_spectrograms\a0285.npy
a0286,1,./processed_spectrograms\a0286.npy
a0287,-1,./processed_spectrograms\a0287.npy
a0288,1,./processed_spectrograms\a0288.npy
a0289,-1,./processed_spectrograms\a0289.npy
a0290,-1,./processed_spectrograms\a0290.npy
a0291,1,./processed_spectrograms\a0291.npy
a0292,1,./processed_spectrograms\a0292.npy
a0293,-1,./processed_spectrograms\a0293.npy
a0294,-1,./processed_spectrograms\a0294.npy
a0295,1,./processed_spectrograms\a0295.npy
a0296,1,./processed_spectrograms\a0296.npy
a0297,1,./processed_spectrograms\a0297.npy
a0298,-1,./processed_spectrograms\a0298.npy
a0299,-1,./processed_spectrograms\a0299.npy
a0300,1,./processed_spectrograms\a0300.npy
a0301,-1,./processed_spectrograms\a0301.npy
a0302,-1,./processed_spectrograms\a0302.npy
a0303,1,./processed_spectrograms\a0303.npy
a0304,-1,./processed_spectrograms\a0304.npy
a0305,1,./processed_spectrograms\a0305.npy
a0306,1,./processed_spectrograms\a0306.npy
a0307,1,./processed_spectrograms\a0307.npy
a0308,1,./processed_spectrograms\a0308.npy
a0309,-1,./processed_spectrograms\a0309.npy
a0310,-1,./processed_spectrograms\a0310.npy
a0311,-1,./processed_spectrograms\a0311.npy
a0312,1,./processed_spectrograms\a0312.npy
a0313,1,./processed_spectrograms\a0313.npy
a0314,1,./processed_spectrograms\a0314.npy
a0315,1,./processed_spectrograms\a0315.npy
a0316,1,./processed_spectrograms\a0316.npy
a0317,1,./processed_spectrograms\a0317.npy
a0318,1,./processed_spectrograms\a0318.npy
a0319,1,./processed_spectrograms\a0319.npy
a0320,1,./processed_spectrograms\a0320.npy
a0321,1,./processed_spectrograms\a0321.npy
a0322,1,./processed_spectrograms\a0322.npy
a0323,-1,./processed_spectrograms\a0323.npy
a0324,1,./processed_spectrograms\a0324.npy
a0325,-1,./processed_spectrograms\a0325.npy
a0326,1,./processed_spectrograms\a0326.npy
a0327,1,./processed_spectrograms\a0327.npy
a0328,-1,./processed_spectrograms\a0328.npy
a0329,-1,./processed_spectrograms\a0329.npy
a0330,-1,./processed_spectrograms\a0330.npy
a0331,1,./processed_spectrograms\a0331.npy
a0332,-1,./processed_spectrograms\a0332.npy
a0333,1,./processed_spectrograms\a0333.npy
a0334,-1,./processed_spectrograms\a0334.npy
a0335,1,./processed_spectrograms\a0335.npy
a0336,1,./processed_spectrograms\a0336.npy
a0337,-1,./processed_spectrograms\a0337.npy
a0338,1,./processed_spectrograms\a0338.npy
a0339,1,./processed_spectrograms\a0339.npy
a0340,-1,./processed_spectrograms\a0340.npy
a0341,1,./processed_spectrograms\a0341.npy
a0342,-1,./processed_spectrograms\a0342.npy
a0343,1,./processed_spectrograms\a0343.npy
a0344,1,./processed_spectrograms\a0344.npy
a0345,1,./processed_spectrograms\a0345.npy
a0346,1,./processed_spectrograms\a0346.npy
a0347,1,./processed_spectrograms\a0347.npy
a0348,1,./processed_spectrograms\a0348.npy
a0349,1,./processed_spectrograms\a0349.npy
a0350,1,./processed_spectrograms\a0350.npy
a0351,-1,./processed_spectrograms\a0351.npy
a0352,-1,./processed_spectrograms\a0352.npy
a0353,-1,./processed_spectrograms\a0353.npy
a0354,1,./processed_spectrograms\a0354.npy
a0355,-1,./processed_spectrograms\a0355.npy
a0356,1,./processed_spectrograms\a0356.npy
a0357,1,./processed_spectrograms\a0357.npy
a0358,1,./processed_spectrograms\a0358.npy
a0359,-1,./processed_spectrograms\a0359.npy
a0360,1,./processed_spectrograms\a0360.npy
a0361,-1,./processed_spectrograms\a0361.npy
a0362,1,./processed_spectrograms\a0362.npy
a0363,1,./processed_spectrograms\a0363.npy
a0364,1,./processed_spectrograms\a0364.npy
a0365,1,./processed_spectrograms\a0365.npy
a0366,1,./processed_spectrograms\a0366.npy
a0367,1,./processed_spectrograms\a0367.npy
a0368,1,./processed_spectrograms\a0368.npy
a0369,1,./processed_spectrograms\a0369.npy
a0370,1,./processed_spectrograms\a0370.npy
a0371,1,./processed_spectrograms\a0371.npy
a0372,1,./processed_spectrograms\a0372.npy
a0373,1,./processed_spectrograms\a0373.npy
a0374,1,./processed_spectrograms\a0374.npy
a0375,1,./processed_spectrograms\a0375.npy
a0376,1,./processed_spectrograms\a0376.npy
a0377,1,./processed_spectrograms\a0377.npy
a0378,1,./processed_spectrograms\a0378.npy
a0379,1,./processed_spectrograms\a0379.npy
a0380,1,./processed_spectrograms\a0380.npy
a0381,1,./processed_spectrograms\a0381.npy
a0382,1,./processed_spectrograms\a0382.npy
a0383,1,./processed_spectrograms\a0383.npy
a0384,1,./processed_spectrograms\a0384.npy
a0385,-1,./processed_spectrograms\a0385.npy
a0386,-1,./processed_spectrograms\a0386.npy
a0387,1,./processed_spectrograms\a0387.npy
a0388,1,./processed_spectrograms\a0388.npy
a0389,1,./processed_spectrograms\a0389.npy
a0390,1,./processed_spectrograms\a0390.npy
a0391,1,./processed_spectrograms\a0391.npy
a0392,1,./processed_spectrograms\a0392.npy
a0393,-1,./processed_spectrograms\a0393.npy
a0394,1,./processed_spectrograms\a0394.npy
a0395,1,./processed_spectrograms\a0395.npy
a0396,1,./processed_spectrograms\a0396.npy
a0397,1,./processed_spectrograms\a0397.npy
a0398,1,./processed_spectrograms\a0398.npy
a0399,1,./processed_spectrograms\a0399.npy
a0400,1,./processed_spectrograms\a0400.npy
a0401,-1,./processed_spectrograms\a0401.npy
a0402,1,./processed_spectrograms\a0402.npy
a0403,1,./processed_spectrograms\a0403.npy
a0404,1,./processed_spectrograms\a0404.npy
a0405,-1,./processed_spectrograms\a0405.npy
a0406,-1,./processed_spectrograms\a0406.npy
a0407,-1,./processed_spectrograms\a0407.npy
a0408,-1,./processed_spectrograms\a0408.npy
a0409,-1,./processed_spectrograms\a0409.npy
b0001,-1,./processed_spectrograms\b0001.npy
b0002,-1,./processed_spectrograms\b0002.npy
b0003,-1,./processed_spectrograms\b0003.npy
b0004,-1,./processed_spectrograms\b0004.npy
b0005,-1,./processed_spectrograms\b0005.npy
b0006,-1,./processed_spectrograms\b0006.npy
b0007,-1,./processed_spectrograms\b0007.npy
b0008,1,./processed_spectrograms\b0008.npy
b0009,-1,./processed_spectrograms\b0009.npy
b0010,-1,./processed_spectrograms\b0010.npy
b0011,-1,./processed_spectrograms\b0011.npy
b0012,-1,./processed_spectrograms\b0012.npy
b0013,1,./processed_spectrograms\b0013.npy
b0014,-1,./processed_spectrograms\b0014.npy
b0015,-1,./processed_spectrograms\b0015.npy
b0016,1,./processed_spectrograms\b0016.npy
b0017,-1,./processed_spectrograms\b0017.npy
b0018,1,./processed_spectrograms\b0018.npy
b0019,-1,./processed_spectrograms\b0019.npy
b0020,-1,./processed_spectrograms\b0020.npy
b0021,-1,./processed_spectrograms\b0021.npy
b0022,1,./processed_spectrograms\b0022.npy
b0023,1,./processed_spectrograms\b0023.npy
b0024,-1,./processed_spectrograms\b0024.npy
b0025,-1,./processed_spectrograms\b0025.npy
b0026,-1,./processed_spectrograms\b0026.npy
b0027,-1,./processed_spectrograms\b0027.npy
b0028,-1,./processed_spectrograms\b0028.npy
b0029,-1,./processed_spectrograms\b0029.npy
b0030,1,./processed_spectrograms\b0030.npy
b0031,-1,./processed_spectrograms\b0031.npy
b0032,1,./processed_spectrograms\b0032.npy
b0033,1,./processed_spectrograms\b0033.npy
b0034,-1,./processed_spectrograms\b0034.npy
b0035,-1,./processed_spectrograms\b0035.npy
b0036,-1,./processed_spectrograms\b0036.npy
b0037,1,./processed_spectrograms\b0037.npy
b0038,-1,./processed_spectrograms\b0038.npy
b0039,-1,./processed_spectrograms\b0039.npy
b0040,1,./processed_spectrograms\b0040.npy
b0041,1,./processed_spectrograms\b0041.npy
b0042,-1,./processed_spectrograms\b0042.npy
b0043,1,./processed_spectrograms\b0043.npy
b0044,-1,./processed_spectrograms\b0044.npy
b0045,-1,./processed_spectrograms\b0045.npy
b0046,1,./processed_spectrograms\b0046.npy
b0047,-1,./processed_spectrograms\b0047.npy
b0048,1,./processed_spectrograms\b0048.npy
b0049,-1,./processed_spectrograms\b0049.npy
b0050,-1,./processed_spectrograms\b0050.npy
b0051,-1,./processed_spectrograms\b0051.npy
b0052,-1,./processed_spectrograms\b0052.npy
b0053,-1,./processed_spectrograms\b0053.npy
b0054,1,./processed_spectrograms\b0054.npy
b0055,-1,./processed_spectrograms\b0055.npy
b0056,-1,./processed_spectrograms\b0056.npy
b0057,1,./processed_spectrograms\b0057.npy
b0058,-1,./processed_spectrograms\b0058.npy
b0059,-1,./processed_spectrograms\b0059.npy
b0060,-1,./processed_spectrograms\b0060.npy
b0061,-1,./processed_spectrograms\b0061.npy
b0062,-1,./processed_spectrograms\b0062.npy
b0063,1,./processed_spectrograms\b0063.npy
b0064,-1,./processed_spectrograms\b0064.npy
b0065,-1,./processed_spectrograms\b0065.npy
b0066,-1,./processed_spectrograms\b0066.npy
b0067,-1,./processed_spectrograms\b0067.npy
b0068,1,./processed_spectrograms\b0068.npy
b0069,-1,./processed_spectrograms\b0069.npy
b0070,-1,./processed_spectrograms\b0070.npy
b0071,-1,./processed_spectrograms\b0071.npy
b0072,-1,./processed_spectrograms\b0072.npy
b0073,-1,./processed_spectrograms\b0073.npy
b0074,-1,./processed_spectrograms\b0074.npy
b0075,-1,./processed_spectrograms\b0075.npy
b0076,-1,./processed_spectrograms\b0076.npy
b0077,1,./processed_spectrograms\b0077.npy
b0078,-1,./processed_spectrograms\b0078.npy
b0079,-1,./processed_spectrograms\b0079.npy
b0080,-1,./processed_spectrograms\b0080.npy
b0081,1,./processed_spectrograms\b0081.npy
b0082,-1,./processed_spectrograms\b0082.npy
b0083,-1,./processed_spectrograms\b0083.npy
b0084,-1,./processed_spectrograms\b0084.npy
b0085,-1,./processed_spectrograms\b0085.npy
b0086,1,./processed_spectrograms\b0086.npy
b0087,-1,./processed_spectrograms\b0087.npy
b0088,-1,./processed_spectrograms\b0088.npy
b0089,-1,./processed_spectrograms\b0089.npy
b0090,-1,./processed_spectrograms\b0090.npy
b0091,-1,./processed_spectrograms\b0091.npy
b0092,-1,./processed_spectrograms\b0092.npy
b0093,-1,./processed_spectrograms\b0093.npy
b0094,-1,./processed_spectrograms\b0094.npy
b0095,-1,./processed_spectrograms\b0095.npy
b0096,1,./processed_spectrograms\b0096.npy
b0097,-1,./processed_spectrograms\b0097.npy
b0098,-1,./processed_spectrograms\b0098.npy
b0099,-1,./processed_spectrograms\b0099.npy
b0100,-1,./processed_spectrograms\b0100.npy
b0101,-1,./processed_spectrograms\b0101.npy
b0102,-1,./processed_spectrograms\b0102.npy
b0103,-1,./processed_spectrograms\b0103.npy
b0104,-1,./processed_spectrograms\b0104.npy
b0105,-1,./processed_spectrograms\b0105.npy
b0106,1,./processed_spectrograms\b0106.npy
b0107,-1,./processed_spectrograms\b0107.npy
b0108,-1,./processed_spectrograms\b0108.npy
b0109,-1,./processed_spectrograms\b0109.npy
b0110,-1,./processed_spectrograms\b0110.npy
b0111,-1,./processed_spectrograms\b0111.npy
b0112,-1,./processed_spectrograms\b0112.npy
b0113,-1,./processed_spectrograms\b0113.npy
b0114,-1,./processed_spectrograms\b0114.npy
b0115,-1,./processed_spectrograms\b0115.npy
b0116,-1,./processed_spectrograms\b0116.npy
b0117,1,./processed_spectrograms\b0117.npy
b0118,-1,./processed_spectrograms\b0118.npy
b0119,-1,./processed_spectrograms\b0119.npy
b0120,1,./processed_spectrograms\b0120.npy
b0121,-1,./processed_spectrograms\b0121.npy
b0122,-1,./processed_spectrograms\b0122.npy
b0123,-1,./processed_spectrograms\b0123.npy
b0124,-1,./processed_spectrograms\b0124.npy
b0125,-1,./processed_spectrograms\b0125.npy
b0126,-1,./processed_spectrograms\b0126.npy
b0127,-1,./processed_spectrograms\b0127.npy
b0128,-1,./processed_spectrograms\b0128.npy
b0129,-1,./processed_spectrograms\b0129.npy
b0130,1,./processed_spectrograms\b0130.npy
b0131,-1,./processed_spectrograms\b0131.npy
b0132,-1,./processed_spectrograms\b0132.npy
b0133,-1,./processed_spectrograms\b0133.npy
b0134,-1,./processed_spectrograms\b0134.npy
b0135,-1,./processed_spectrograms\b0135.npy
b0136,1,./processed_spectrograms\b0136.npy
b0137,1,./processed_spectrograms\b0137.npy
b0138,-1,./processed_spectrograms\b0138.npy
b0139,-1,./processed_spectrograms\b0139.npy
b0140,1,./processed_spectrograms\b0140.npy
b0141,-1,./processed_spectrograms\b0141.npy
b0142,-1,./processed_spectrograms\b0142.npy
b0143,-1,./processed_spectrograms\b0143.npy
b0144,-1,./processed_spectrograms\b0144.npy
b0145,-1,./processed_spectrograms\b0145.npy
b0146,-1,./processed_spectrograms\b0146.npy
b0147,-1,./processed_spectrograms\b0147.npy
b0148,1,./processed_spectrograms\b0148.npy
b0149,-1,./processed_spectrograms\b0149.npy
b0150,-1,./processed_spectrograms\b0150.npy
b0151,-1,./processed_spectrograms\b0151.npy
b0152,-1,./processed_spectrograms\b0152.npy
b0153,-1,./processed_spectrograms\b0153.npy
b0154,-1,./processed_spectrograms\b0154.npy
b0155,1,./processed_spectrograms\b0155.npy
b0156,-1,./processed_spectrograms\b0156.npy
b0157,-1,./processed_spectrograms\b0157.npy
b0158,-1,./processed_spectrograms\b0158.npy
b0159,1,./processed_spectrograms\b0159.npy
b0160,-1,./processed_spectrograms\b0160.npy
b0161,-1,./processed_spectrograms\b0161.npy
b0162,-1,./processed_spectrograms\b0162.npy
b0163,-1,./processed_spectrograms\b0163.npy
b0164,1,./processed_spectrograms\b0164.npy
b0165,-1,./processed_spectrograms\b0165.npy
b0166,-1,./processed_spectrograms\b0166.npy
b0167,-1,./processed_spectrograms\b0167.npy
b0168,-1,./processed_spectrograms\b0168.npy
b0169,-1,./processed_spectrograms\b0169.npy
b0170,-1,./processed_spectrograms\b0170.npy
b0171,1,./processed_spectrograms\b0171.npy
b0172,-1,./processed_spectrograms\b0172.npy
b0173,-1,./processed_spectrograms\b0173.npy
b0174,-1,./processed_spectrograms\b0174.npy
b0175,-1,./processed_spectrograms\b0175.npy
b0176,1,./processed_spectrograms\b0176.npy
b0177,-1,./processed_spectrograms\b0177.npy
b0178,-1,./processed_spectrograms\b0178.npy
b0179,-1,./processed_spectrograms\b0179.npy
b0180,-1,./processed_spectrograms\b0180.npy
b0181,-1,./processed_spectrograms\b0181.npy
b0182,-1,./processed_spectrograms\b0182.npy
b0183,-1,./processed_spectrograms\b0183.npy
b0184,-1,./processed_spectrograms\b0184.npy
b0185,-1,./processed_spectrograms\b0185.npy
b0186,-1,./processed_spectrograms\b0186.npy
b0187,-1,./processed_spectrograms\b0187.npy
b0188,-1,./processed_spectrograms\b0188.npy
b0189,-1,./processed_spectrograms\b0189.npy
b0190,1,./processed_spectrograms\b0190.npy
b0191,-1,./processed_spectrograms\b0191.npy
b0192,-1,./processed_spectrograms\b0192.npy
b0193,-1,./processed_spectrograms\b0193.npy
b0194,-1,./processed_spectrograms\b0194.npy
b0195,-1,./processed_spectrograms\b0195.npy
b0196,-1,./processed_spectrograms\b0196.npy
b0197,1,./processed_spectrograms\b0197.npy
b0198,-1,./processed_spectrograms\b0198.npy
b0199,-1,./processed_spectrograms\b0199.npy
b0200,-1,./processed_spectrograms\b0200.npy
b0201,-1,./processed_spectrograms\b0201.npy
b0202,-1,./processed_spectrograms\b0202.npy
b0203,-1,./processed_spectrograms\b0203.npy
b0204,-1,./processed_spectrograms\b0204.npy
b0205,-1,./processed_spectrograms\b0205.npy
b0206,-1,./processed_spectrograms\b0206.npy
b0207,-1,./processed_spectrograms\b0207.npy
b0208,1,./processed_spectrograms\b0208.npy
b0209,-1,./processed_spectrograms\b0209.npy
b0210,-1,./processed_spectrograms\b0210.npy
b0211,-1,./processed_spectrograms\b0211.npy
b0212,-1,./processed_spectrograms\b0212.npy
b0213,-1,./processed_spectrograms\b0213.npy
b0214,-1,./processed_spectrograms\b0214.npy
b0215,-1,./processed_spectrograms\b0215.npy
b0216,-1,./processed_spectrograms\b0216.npy
b0217,-1,./processed_spectrograms\b0217.npy
b0218,-1,./processed_spectrograms\b0218.npy
b0219,-1,./processed_spectrograms\b0219.npy
b0220,-1,./processed_spectrograms\b0220.npy
b0221,1,./processed_spectrograms\b0221.npy
b0222,-1,./processed_spectrograms\b0222.npy
b0223,-1,./processed_spectrograms\b0223.npy
b0224,1,./processed_spectrograms\b0224.npy
b0225,-1,./processed_spectrograms\b0225.npy
b0226,-1,./processed_spectrograms\b0226.npy
b0227,-1,./processed_spectrograms\b0227.npy
b0228,-1,./processed_spectrograms\b0228.npy
b0229,-1,./processed_spectrograms\b0229.npy
b0230,-1,./processed_spectrograms\b0230.npy
b0231,-1,./processed_spectrograms\b0231.npy
b0232,1,./processed_spectrograms\b0232.npy
b0233,1,./processed_spectrograms\b0233.npy
b0234,-1,./processed_spectrograms\b0234.npy
b0235,1,./processed_spectrograms\b0235.npy
b0236,-1,./processed_spectrograms\b0236.npy
b0237,-1,./processed_spectrograms\b0237.npy
b0238,1,./processed_spectrograms\b0238.npy
b0239,1,./processed_spectrograms\b0239.npy
b0240,-1,./processed_spectrograms\b0240.npy
b0241,-1,./processed_spectrograms\b0241.npy
b0242,1,./processed_spectrograms\b0242.npy
b0243,1,./processed_spectrograms\b0243.npy
b0244,-1,./processed_spectrograms\b0244.npy
b0245,-1,./processed_spectrograms\b0245.npy
b0246,-1,./processed_spectrograms\b0246.npy
b0247,-1,./processed_spectrograms\b0247.npy
b0248,1,./processed_spectrograms\b0248.npy
b0249,-1,./processed_spectrograms\b0249.npy
b0250,-1,./processed_spectrograms\b0250.npy
b0251,1,./processed_spectrograms\b0251.npy
b0252,-1,./processed_spectrograms\b0252.npy
b0253,1,./processed_spectrograms\b0253.npy
b0254,-1,./processed_spectrograms\b0254.npy
b0255,-1,./processed_spectrograms\b0255.npy
b0256,-1,./processed_spectrograms\b0256.npy
b0257,1,./processed_spectrograms\b0257.npy
b0258,-1,./processed_spectrograms\b0258.npy
b0259,-1,./processed_spectrograms\b0259.npy
b0260,-1,./processed_spectrograms\b0260.npy
b0261,-1,./processed_spectrograms\b0261.npy
b0262,1,./processed_spectrograms\b0262.npy
b0263,1,./processed_spectrograms\b0263.npy
b0264,-1,./processed_spectrograms\b0264.npy
b0265,1,./processed_spectrograms\b0265.npy
b0266,-1,./processed_spectrograms\b0266.npy
b0267,1,./processed_spectrograms\b0267.npy
b0268,-1,./processed_spectrograms\b0268.npy
b0269,-1,./processed_spectrograms\b0269.npy
b0270,-1,./processed_spectrograms\b0270.npy
b0271,1,./processed_spectrograms\b0271.npy
b0272,-1,./processed_spectrograms\b0272.npy
b0273,1,./processed_spectrograms\b0273.npy
b0274,-1,./processed_spectrograms\b0274.npy
b0275,-1,./processed_spectrograms\b0275.npy
b0276,-1,./processed_spectrograms\b0276.npy
b0277,-1,./processed_spectrograms\b0277.npy
b0278,1,./processed_spectrograms\b0278.npy
b0279,1,./processed_spectrograms\b0279.npy
b0280,1,./processed_spectrograms\b0280.npy
b0281,-1,./processed_spectrograms\b0281.npy
b0282,-1,./processed_spectrograms\b0282.npy
b0283,-1,./processed_spectrograms\b0283.npy
b0284,1,./processed_spectrograms\b0284.npy
b0285,-1,./processed_spectrograms\b0285.npy
b0286,-1,./processed_spectrograms\b0286.npy
b0287,-1,./processed_spectrograms\b0287.npy
b0288,-1,./processed_spectrograms\b0288.npy
b0289,-1,./processed_spectrograms\b0289.npy
b0290,-1,./processed_spectrograms\b0290.npy
b0291,-1,./processed_spectrograms\b0291.npy
b0292,1,./processed_spectrograms\b0292.npy
b0293,-1,./processed_spectrograms\b0293.npy
b0294,-1,./processed_spectrograms\b0294.npy
b0295,1,./processed_spectrograms\b0295.npy
b0296,-1,./processed_spectrograms\b0296.npy
b0297,-1,./processed_spectrograms\b0297.npy
b0298,-1,./processed_spectrograms\b0298.npy
b0299,1,./processed_spectrograms\b0299.npy
b0300,-1,./processed_spectrograms\b0300.npy
b0301,-1,./processed_spectrograms\b0301.npy
b0302,-1,./processed_spectrograms\b0302.npy
b0303,-1,./processed_spectrograms\b0303.npy
b0304,-1,./processed_spectrograms\b0304.npy
b0305,-1,./processed_spectrograms\b0305.npy
b0306,-1,./processed_spectrograms\b0306.npy
b0307,1,./processed_spectrograms\b0307.npy
b0308,-1,./processed_spectrograms\b0308.npy
b0309,-1,./processed_spectrograms\b0309.npy
b0310,-1,./processed_spectrograms\b0310.npy
b0311,-1,./processed_spectrograms\b0311.npy
b0312,-1,./processed_spectrograms\b0312.npy
b0313,-1,./processed_spectrograms\b0313.npy
b0314,-1,./processed_spectrograms\b0314.npy
b0315,-1,./processed_spectrograms\b0315.npy
b0316,-1,./processed_spectrograms\b0316.npy
b0317,-1,./processed_spectrograms\b0317.npy
b0318,1,./processed_spectrograms\b0318.npy
b0319,1,./processed_spectrograms\b0319.npy
b0320,-1,./processed_spectrograms\b0320.npy
b0321,-1,./processed_spectrograms\b0321.npy
b0322,-1,./processed_spectrograms\b0322.npy
b0323,-1,./processed_spectrograms\b0323.npy
b0324,-1,./processed_spectrograms\b0324.npy
b0325,-1,./processed_spectrograms\b0325.npy
b0326,-1,./processed_spectrograms\b0326.npy
b0327,1,./processed_spectrograms\b0327.npy
b0328,-1,./processed_spectrograms\b0328.npy
b0329,-1,./processed_spectrograms\b0329.npy
b0330,-1,./processed_spectrograms\b0330.npy
b0331,-1,./processed_spectrograms\b0331.npy
b0332,-1,./processed_spectrograms\b0332.npy
b0333,-1,./processed_spectrograms\b0333.npy
b0334,1,./processed_spectrograms\b0334.npy
b0335,1,./processed_spectrograms\b0335.npy
b0336,-1,./processed_spectrograms\b0336.npy
b0337,-1,./processed_spectrograms\b0337.npy
b0338,-1,./processed_spectrograms\b0338.npy
b0339,-1,./processed_spectrograms\b0339.npy
b0340,-1,./processed_spectrograms\b0340.npy
b0341,1,./processed_spectrograms\b0341.npy
b0342,1,./processed_spectrograms\b0342.npy
b0343,-1,./processed_spectrograms\b0343.npy
b0344,1,./processed_spectrograms\b0344.npy
b0345,-1,./processed_spectrograms\b0345.npy
b0346,-1,./processed_spectrograms\b0346.npy
b0347,-1,./processed_spectrograms\b0347.npy
b0348,-1,./processed_spectrograms\b0348.npy
b0349,1,./processed_spectrograms\b0349.npy
b0350,-1,./processed_spectrograms\b0350.npy
b0351,-1,./processed_spectrograms\b0351.npy
b0352,-1,./processed_spectrograms\b0352.npy
b0353,-1,./processed_spectrograms\b0353.npy
b0354,-1,./processed_spectrograms\b0354.npy
b0355,-1,./processed_spectrograms\b0355.npy
b0356,-1,./processed_spectrograms\b0356.npy
b0357,-1,./processed_spectrograms\b0357.npy
b0358,-1,./processed_spectrograms\b0358.npy
b0359,-1,./processed_spectrograms\b0359.npy
b0360,-1,./processed_spectrograms\b0360.npy
b0361,1,./processed_spectrograms\b0361.npy
b0362,-1,./processed_spectrograms\b0362.npy
b0363,-1,./processed_spectrograms\b0363.npy
b0364,-1,./processed_spectrograms\b0364.npy
b0365,1,./processed_spectrograms\b0365.npy
b0366,-1,./processed_spectrograms\b0366.npy
b0367,1,./processed_spectrograms\b0367.npy
b0368,-1,./processed_spectrograms\b0368.npy
b0369,1,./processed_spectrograms\b0369.npy
b0370,-1,./processed_spectrograms\b0370.npy
b0371,-1,./processed_spectrograms\b0371.npy
b0372,-1,./processed_spectrograms\b0372.npy
b0373,-1,./processed_spectrograms\b0373.npy
b0374,-1,./processed_spectrograms\b0374.npy
b0375,-1,./processed_spectrograms\b0375.npy
b0376,-1,./processed_spectrograms\b0376.npy
b0377,-1,./processed_spectrograms\b0377.npy
b0378,-1,./processed_spectrograms\b0378.npy
b0379,-1,./processed_spectrograms\b0379.npy
b0380,-1,./processed_spectrograms\b0380.npy
b0381,-1,./processed_spectrograms\b0381.npy
b0382,-1,./processed_spectrograms\b0382.npy
b0383,-1,./processed_spectrograms\b0383.npy
b0384,1,./processed_spectrograms\b0384.npy
b0385,1,./processed_spectrograms\b0385.npy
b0386,-1,./processed_spectrograms\b0386.npy
b0387,-1,./processed_spectrograms\b0387.npy
b0388,-1,./processed_spectrograms\b0388.npy
b0389,-1,./processed_spectrograms\b0389.npy
b0390,1,./processed_spectrograms\b0390.npy
b0391,-1,./processed_spectrograms\b0391.npy
b0392,-1,./processed_spectrograms\b0392.npy
b0393,-1,./processed_spectrograms\b0393.npy
b0394,-1,./processed_spectrograms\b0394.npy
b0395,1,./processed_spectrograms\b0395.npy
b0396,-1,./processed_spectrograms\b0396.npy
b0397,1,./processed_spectrograms\b0397.npy
b0398,-1,./processed_spectrograms\b0398.npy
b0399,-1,./processed_spectrograms\b0399.npy
b0400,-1,./processed_spectrograms\b0400.npy
b0401,-1,./processed_spectrograms\b0401.npy
b0402,-1,./processed_spectrograms\b0402.npy
b0403,-1,./processed_spectrograms\b0403.npy
b0404,-1,./processed_spectrograms\b0404.npy
b0405,-1,./processed_spectrograms\b0405.npy
b0406,-1,./processed_spectrograms\b0406.npy
b0407,-1,./processed_spectrograms\b0407.npy
b0408,1,./processed_spectrograms\b0408.npy
b0409,1,./processed_spectrograms\b0409.npy
b0410,-1,./processed_spectrograms\b0410.npy
b0411,-1,./processed_spectrograms\b0411.npy
b0412,-1,./processed_spectrograms\b0412.npy
b0413,1,./processed_spectrograms\b0413.npy
b0414,-1,./processed_spectrograms\b0414.npy
b0415,-1,./processed_spectrograms\b0415.npy
b0416,-1,./processed_spectrograms\b0416.npy
b0417,-1,./processed_spectrograms\b0417.npy
b0418,1,./processed_spectrograms\b0418.npy
b0419,-1,./processed_spectrograms\b0419.npy
b0420,-1,./processed_spectrograms\b0420.npy
b0421,-1,./processed_spectrograms\b0421.npy
b0422,1,./processed_spectrograms\b0422.npy
b0423,-1,./processed_spectrograms\b0423.npy
b0424,-1,./processed_spectrograms\b0424.npy
b0425,-1,./processed_spectrograms\b0425.npy
b0426,-1,./processed_spectrograms\b0426.npy
b0427,1,./processed_spectrograms\b0427.npy
b0428,1,./processed_spectrograms\b0428.npy
b0429,-1,./processed_spectrograms\b0429.npy
b0430,-1,./processed_spectrograms\b0430.npy
b0431,-1,./processed_spectrograms\b0431.npy
b0432,-1,./processed_spectrograms\b0432.npy
b0433,-1,./processed_spectrograms\b0433.npy
b0434,-1,./processed_spectrograms\b0434.npy
b0435,-1,./processed_spectrograms\b0435.npy
b0436,1,./processed_spectrograms\b0436.npy
b0437,1,./processed_spectrograms\b0437.npy
b0438,-1,./processed_spectrograms\b0438.npy
b0439,-1,./processed_spectrograms\b0439.npy
b0440,-1,./processed_spectrograms\b0440.npy
b0441,-1,./processed_spectrograms\b0441.npy
b0442,-1,./processed_spectrograms\b0442.npy
b0443,-1,./processed_spectrograms\b0443.npy
b0444,1,./processed_spectrograms\b0444.npy
b0445,-1,./processed_spectrograms\b0445.npy
b0446,1,./processed_spectrograms\b0446.npy
b0447,-1,./processed_spectrograms\b0447.npy
b0448,-1,./processed_spectrograms\b0448.npy
b0449,-1,./processed_spectrograms\b0449.npy
b0450,1,./processed_spectrograms\b0450.npy
b0451,-1,./processed_spectrograms\b0451.npy
b0452,-1,./processed_spectrograms\b0452.npy
b0453,-1,./processed_spectrograms\b0453.npy
b0454,-1,./processed_spectrograms\b0454.npy
b0455,1,./processed_spectrograms\b0455.npy
b0456,-1,./processed_spectrograms\b0456.npy
b0457,-1,./processed_spectrograms\b0457.npy
b0458,-1,./processed_spectrograms\b0458.npy
b0459,-1,./processed_spectrograms\b0459.npy
b0460,-1,./processed_spectrograms\b0460.npy
b0461,-1,./processed_spectrograms\b0461.npy
b0462,-1,./processed_spectrograms\b0462.npy
b0463,-1,./processed_spectrograms\b0463.npy
b0464,-1,./processed_spectrograms\b0464.npy
b0465,1,./processed_spectrograms\b0465.npy
b0466,-1,./processed_spectrograms\b0466.npy
b0467,1,./processed_spectrograms\b0467.npy
b0468,1,./processed_spectrograms\b0468.npy
b0469,-1,./processed_spectrograms\b0469.npy
b0470,-1,./processed_spectrograms\b0470.npy
b0471,1,./processed_spectrograms\b0471.npy
b0472,-1,./processed_spectrograms\b0472.npy
b0473,-1,./processed_spectrograms\b0473.npy
b0474,1,./processed_spectrograms\b0474.npy
b0475,-1,./processed_spectrograms\b0475.npy
b0476,1,./processed_spectrograms\b0476.npy
b0477,-1,./processed_spectrograms\b0477.npy
b0478,-1,./processed_spectrograms\b0478.npy
b0479,-1,./processed_spectrograms\b0479.npy
b0480,-1,./processed_spectrograms\b0480.npy
b0481,-1,./processed_spectrograms\b0481.npy
b0482,-1,./processed_spectrograms\b0482.npy
b0483,-1,./processed_spectrograms\b0483.npy
b0484,1,./processed_spectrograms\b0484.npy
b0485,-1,./processed_spectrograms\b0485.npy
b0486,-1,./processed_spectrograms\b0486.npy
b0487,-1,./processed_spectrograms\b0487.npy
b0488,-1,./processed_spectrograms\b0488.npy
b0489,-1,./processed_spectrograms\b0489.npy
b0490,-1,./processed_spectrograms\b0490.npy
c0001,1,./processed_spectrograms\c0001.npy
c0002,1,./processed_spectrograms\c0002.npy
c0003,-1,./processed_spectrograms\c0003.npy
c0004,1,./processed_spectrograms\c0004.npy
c0005,1,./processed_spectrograms\c0005.npy
c0006,-1,./processed_spectrograms\c0006.npy
c0007,-1,./processed_spectrograms\c0007.npy
c0008,1,./processed_spectrograms\c0008.npy
c0009,1,./processed_spectrograms\c0009.npy
c0010,1,./processed_spectrograms\c0010.npy
c0011,-1,./processed_spectrograms\c0011.npy
c0012,1,./processed_spectrograms\c0012.npy
c0013,1,./processed_spectrograms\c0013.npy
c0014,1,./processed_spectrograms\c0014.npy
c0015,1,./processed_spectrograms\c0015.npy
c0016,-1,./processed_spectrograms\c0016.npy
c0017,1,./processed_spectrograms\c0017.npy
c0018,1,./processed_spectrograms\c0018.npy
c0019,1,./processed_spectrograms\c0019.npy
c0020,1,./processed_spectrograms\c0020.npy
c0021,1,./processed_spectrograms\c0021.npy
c0022,-1,./processed_spectrograms\c0022.npy
c0023,1,./processed_spectrograms\c0023.npy
c0024,1,./processed_spectrograms\c0024.npy
c0025,1,./processed_spectrograms\c0025.npy
c0026,1,./processed_spectrograms\c0026.npy
c0027,1,./processed_spectrograms\c0027.npy
c0028,1,./processed_spectrograms\c0028.npy
c0029,1,./processed_spectrograms\c0029.npy
c0030,-1,./processed_spectrograms\c0030.npy
c0031,1,./processed_spectrograms\c0031.npy
d0001,-1,./processed_spectrograms\d0001.npy
d0002,1,./processed_spectrograms\d0002.npy
d0003,1,./processed_spectrograms\d0003.npy
d0004,1,./processed_spectrograms\d0004.npy
d0005,-1,./processed_spectrograms\d0005.npy
d0006,-1,./processed_spectrograms\d0006.npy
d0007,-1,./processed_spectrograms\d0007.npy
d0008,1,./processed_spectrograms\d0008.npy
d0009,1,./processed_spectrograms\d0009.npy
d0010,1,./processed_spectrograms\d0010.npy
d0011,1,./processed_spectrograms\d0011.npy
d0012,1,./processed_spectrograms\d0012.npy
d0013,-1,./processed_spectrograms\d0013.npy
d0014,1,./processed_spectrograms\d0014.npy
d0015,-1,./processed_spectrograms\d0015.npy
d0016,-1,./processed_spectrograms\d0016.npy
d0017,1,./processed_spectrograms\d0017.npy
d0018,1,./processed_spectrograms\d0018.npy
d0019,1,./processed_spectrograms\d0019.npy
d0020,-1,./processed_spectrograms\d0020.npy
d0021,1,./processed_spectrograms\d0021.npy
d0022,1,./processed_spectrograms\d0022.npy
d0023,-1,./processed_spectrograms\d0023.npy
d0024,-1,./processed_spectrograms\d0024.npy
d0025,-1,./processed_spectrograms\d0025.npy
d0026,1,./processed_spectrograms\d0026.npy
d0027,-1,./processed_spectrograms\d0027.npy
d0028,1,./processed_spectrograms\d0028.npy
d0029,1,./processed_spectrograms\d0029.npy
d0030,-1,./processed_spectrograms\d0030.npy
d0031,-1,./processed_spectrograms\d0031.npy
d0032,1,./processed_spectrograms\d0032.npy
d0033,1,./processed_spectrograms\d0033.npy
d0034,1,./processed_spectrograms\d0034.npy
d0035,1,./processed_spectrograms\d0035.npy
d0036,-1,./processed_spectrograms\d0036.npy
d0037,-1,./processed_spectrograms\d0037.npy
d0038,1,./processed_spectrograms\d0038.npy
d0039,1,./processed_spectrograms\d0039.npy
d0040,1,./processed_spectrograms\d0040.npy
d0041,-1,./processed_spectrograms\d0041.npy
d0042,1,./processed_spectrograms\d0042.npy
d0043,-1,./processed_spectrograms\d0043.npy
d0044,-1,./processed_spectrograms\d0044.npy
d0045,-1,./processed_spectrograms\d0045.npy
d0046,1,./processed_spectrograms\d0046.npy
d0047,-1,./processed_spectrograms\d0047.npy
d0048,-1,./processed_spectrograms\d0048.npy
d0049,-1,./processed_spectrograms\d0049.npy
d0050,-1,./processed_spectrograms\d0050.npy
d0051,1,./processed_spectrograms\d0051.npy
d0052,1,./processed_spectrograms\d0052.npy
d0053,-1,./processed_spectrograms\d0053.npy
d0054,-1,./processed_spectrograms\d0054.npy
d0055,-1,./processed_spectrograms\d0055.npy
e00001,-1,./processed_spectrograms\e00001.npy
e00002,-1,./processed_spectrograms\e00002.npy
e00003,-1,./processed_spectrograms\e00003.npy
e00004,-1,./processed_spectrograms\e00004.npy
e00005,-1,./processed_spectrograms\e00005.npy
e00006,-1,./processed_spectrograms\e00006.npy
e00007,-1,./processed_spectrograms\e00007.npy
e00008,-1,./processed_spectrograms\e00008.npy
e00009,-1,./processed_spectrograms\e00009.npy
e00010,-1,./processed_spectrograms\e00010.npy
e00011,-1,./processed_spectrograms\e00011.npy
e00012,-1,./processed_spectrograms\e00012.npy
e00013,-1,./processed_spectrograms\e00013.npy
e00014,-1,./processed_spectrograms\e00014.npy
e00015,-1,./processed_spectrograms\e00015.npy
e00016,-1,./processed_spectrograms\e00016.npy
e00017,-1,./processed_spectrograms\e00017.npy
e00018,-1,./processed_spectrograms\e00018.npy
e00019,-1,./processed_spectrograms\e00019.npy
e00020,1,./processed_spectrograms\e00020.npy
e00021,-1,./processed_spectrograms\e00021.npy
e00022,-1,./processed_spectrograms\e00022.npy
e00023,-1,./processed_spectrograms\e00023.npy
e00024,-1,./processed_spectrograms\e00024.npy
e00025,-1,./processed_spectrograms\e00025.npy
e00026,-1,./processed_spectrograms\e00026.npy
e00027,-1,./processed_spectrograms\e00027.npy
e00028,-1,./processed_spectrograms\e00028.npy
e00029,-1,./processed_spectrograms\e00029.npy
e00030,-1,./processed_spectrograms\e00030.npy
e00031,-1,./processed_spectrograms\e00031.npy
e00032,-1,./processed_spectrograms\e00032.npy
e00033,-1,./processed_spectrograms\e00033.npy
e00034,-1,./processed_spectrograms\e00034.npy
e00035,-1,./processed_spectrograms\e00035.npy
e00036,-1,./processed_spectrograms\e00036.npy
e00037,-1,./processed_spectrograms\e00037.npy
e00038,-1,./processed_spectrograms\e00038.npy
e00039,-1,./processed_spectrograms\e00039.npy
e00040,-1,./processed_spectrograms\e00040.npy
e00041,-1,./processed_spectrograms\e00041.npy
e00042,-1,./processed_spectrograms\e00042.npy
e00043,-1,./processed_spectrograms\e00043.npy
e00044,-1,./processed_spectrograms\e00044.npy
e00045,-1,./processed_spectrograms\e00045.npy
e00046,-1,./processed_spectrograms\e00046.npy
e00047,-1,./processed_spectrograms\e00047.npy
e00048,1,./processed_spectrograms\e00048.npy
e00049,-1,./processed_spectrograms\e00049.npy
e00050,-1,./processed_spectrograms\e00050.npy
e00051,-1,./processed_spectrograms\e00051.npy
e00052,-1,./processed_spectrograms\e00052.npy
e00053,-1,./processed_spectrograms\e00053.npy
e00054,-1,./processed_spectrograms\e00054.npy
e00055,-1,./processed_spectrograms\e00055.npy
e00056,-1,./processed_spectrograms\e00056.npy
e00057,-1,./processed_spectrograms\e00057.npy
e00058,-1,./processed_spectrograms\e00058.npy
e00059,1,./processed_spectrograms\e00059.npy
e00060,-1,./processed_spectrograms\e00060.npy
e00061,-1,./processed_spectrograms\e00061.npy
e00062,-1,./processed_spectrograms\e00062.npy
e00063,-1,./processed_spectrograms\e00063.npy
e00064,-1,./processed_spectrograms\e00064.npy
e00065,-1,./processed_spectrograms\e00065.npy
e00066,-1,./processed_spectrograms\e00066.npy
e00067,-1,./processed_spectrograms\e00067.npy
e00068,-1,./processed_spectrograms\e00068.npy
e00069,-1,./processed_spectrograms\e00069.npy
e00070,-1,./processed_spectrograms\e00070.npy
e00071,1,./processed_spectrograms\e00071.npy
e00072,-1,./processed_spectrograms\e00072.npy
e00073,-1,./processed_spectrograms\e00073.npy
e00074,-1,./processed_spectrograms\e00074.npy
e00075,-1,./processed_spectrograms\e00075.npy
e00076,-1,./processed_spectrograms\e00076.npy
e00077,-1,./processed_spectrograms\e00077.npy
e00078,-1,./processed_spectrograms\e00078.npy
e00079,-1,./processed_spectrograms\e00079.npy
e00080,-1,./processed_spectrograms\e00080.npy
e00081,-1,./processed_spectrograms\e00081.npy
e00082,-1,./processed_spectrograms\e00082.npy
e00083,-1,./processed_spectrograms\e00083.npy
e00084,-1,./processed_spectrograms\e00084.npy
e00085,-1,./processed_spectrograms\e00085.npy
e00086,-1,./processed_spectrograms\e00086.npy
e00087,1,./processed_spectrograms\e00087.npy
e00088,-1,./processed_spectrograms\e00088.npy
e00089,-1,./processed_spectrograms\e00089.npy
e00090,-1,./processed_spectrograms\e00090.npy
e00091,-1,./processed_spectrograms\e00091.npy
e00092,-1,./processed_spectrograms\e00092.npy
e00093,-1,./processed_spectrograms\e00093.npy
e00094,-1,./processed_spectrograms\e00094.npy
e00095,-1,./processed_spectrograms\e00095.npy
e00096,-1,./processed_spectrograms\e00096.npy
e00097,1,./processed_spectrograms\e00097.npy
e00098,-1,./processed_spectrograms\e00098.npy
e00099,-1,./processed_spectrograms\e00099.npy
e00100,-1,./processed_spectrograms\e00100.npy
e00101,-1,./processed_spectrograms\e00101.npy
e00102,-1,./processed_spectrograms\e00102.npy
e00103,-1,./processed_spectrograms\e00103.npy
e00104,-1,./processed_spectrograms\e00104.npy
e00105,-1,./processed_spectrograms\e00105.npy
e00106,-1,./processed_spectrograms\e00106.npy
e00107,-1,./processed_spectrograms\e00107.npy
e00108,-1,./processed_spectrograms\e00108.npy
e00109,-1,./processed_spectrograms\e00109.npy
e00110,-1,./processed_spectrograms\e00110.npy
e00111,-1,./processed_spectrograms\e00111.npy
e00112,-1,./processed_spectrograms\e00112.npy
e00113,-1,./processed_spectrograms\e00113.npy
e00114,1,./processed_spectrograms\e00114.npy
e00115,-1,./processed_spectrograms\e00115.npy
e00116,-1,./processed_spectrograms\e00116.npy
e00117,-1,./processed_spectrograms\e00117.npy
e00118,-1,./processed_spectrograms\e00118.npy
e00119,-1,./processed_spectrograms\e00119.npy
e00120,1,./processed_spectrograms\e00120.npy
e00121,-1,./processed_spectrograms\e00121.npy
e00122,-1,./processed_spectrograms\e00122.npy
e00123,-1,./processed_spectrograms\e00123.npy
e00124,-1,./processed_spectrograms\e00124.npy
e00125,-1,./processed_spectrograms\e00125.npy
e00126,-1,./processed_spectrograms\e00126.npy
e00127,-1,./processed_spectrograms\e00127.npy
e00128,-1,./processed_spectrograms\e00128.npy
e00129,-1,./processed_spectrograms\e00129.npy
e00130,-1,./processed_spectrograms\e00130.npy
e00131,-1,./processed_spectrograms\e00131.npy
e00132,-1,./processed_spectrograms\e00132.npy
e00133,-1,./processed_spectrograms\e00133.npy
e00134,-1,./processed_spectrograms\e00134.npy
e00135,1,./processed_spectrograms\e00135.npy
e00136,-1,./processed_spectrograms\e00136.npy
e00137,-1,./processed_spectrograms\e00137.npy
e00138,-1,./processed_spectrograms\e00138.npy
e00139,-1,./processed_spectrograms\e00139.npy
e00140,1,./processed_spectrograms\e00140.npy
e00141,-1,./processed_spectrograms\e00141.npy
e00142,1,./processed_spectrograms\e00142.npy
e00143,-1,./processed_spectrograms\e00143.npy
e00144,-1,./processed_spectrograms\e00144.npy
e00145,-1,./processed_spectrograms\e00145.npy
e00146,-1,./processed_spectrograms\e00146.npy
e00147,-1,./processed_spectrograms\e00147.npy
e00148,-1,./processed_spectrograms\e00148.npy
e00149,-1,./processed_spectrograms\e00149.npy
e00150,-1,./processed_spectrograms\e00150.npy
e00151,-1,./processed_spectrograms\e00151.npy
e00152,1,./processed_spectrograms\e00152.npy
e00153,-1,./processed_spectrograms\e00153.npy
e00154,-1,./processed_spectrograms\e00154.npy
e00155,-1,./processed_spectrograms\e00155.npy
e00156,-1,./processed_spectrograms\e00156.npy
e00157,-1,./processed_spectrograms\e00157.npy
e00158,-1,./processed_spectrograms\e00158.npy
e00159,-1,./processed_spectrograms\e00159.npy
e00160,-1,./processed_spectrograms\e00160.npy
e00161,-1,./processed_spectrograms\e00161.npy
e00162,-1,./processed_spectrograms\e00162.npy
e00163,-1,./processed_spectrograms\e00163.npy
e00164,-1,./processed_spectrograms\e00164.npy
e00165,-1,./processed_spectrograms\e00165.npy
e00166,-1,./processed_spectrograms\e00166.npy
e00167,-1,./processed_spectrograms\e00167.npy
e00168,-1,./processed_spectrograms\e00168.npy
e00169,-1,./processed_spectrograms\e00169.npy
e00170,-1,./processed_spectrograms\e00170.npy
e00171,-1,./processed_spectrograms\e00171.npy
e00172,-1,./processed_spectrograms\e00172.npy
e00173,-1,./processed_spectrograms\e00173.npy
e00174,-1,./processed_spectrograms\e00174.npy
e00175,-1,./processed_spectrograms\e00175.npy
e00176,1,./processed_spectrograms\e00176.npy
e00177,-1,./processed_spectrograms\e00177.npy
e00178,-1,./processed_spectrograms\e00178.npy
e00179,-1,./processed_spectrograms\e00179.npy
e00180,-1,./processed_spectrograms\e00180.npy
e00181,-1,./processed_spectrograms\e00181.npy
e00182,-1,./processed_spectrograms\e00182.npy
e00183,-1,./processed_spectrograms\e00183.npy
e00184,-1,./processed_spectrograms\e00184.npy
e00185,-1,./processed_spectrograms\e00185.npy
e00186,-1,./processed_spectrograms\e00186.npy
e00187,-1,./processed_spectrograms\e00187.npy
e00188,-1,./processed_spectrograms\e00188.npy
e00189,-1,./processed_spectrograms\e00189.npy
e00190,-1,./processed_spectrograms\e00190.npy
e00191,1,./processed_spectrograms\e00191.npy
e00192,-1,./processed_spectrograms\e00192.npy
e00193,-1,./processed_spectrograms\e00193.npy
e00194,-1,./processed_spectrograms\e00194.npy
e00195,1,./processed_spectrograms\e00195.npy
e00196,-1,./processed_spectrograms\e00196.npy
e00197,-1,./processed_spectrograms\e00197.npy
e00198,-1,./processed_spectrograms\e00198.npy
e00199,-1,./processed_spectrograms\e00199.npy
e00200,-1,./processed_spectrograms\e00200.npy
e00201,-1,./processed_spectrograms\e00201.npy
e00202,-1,./processed_spectrograms\e00202.npy
e00203,-1,./processed_spectrograms\e00203.npy
e00204,-1,./processed_spectrograms\e00204.npy
e00205,-1,./processed_spectrograms\e00205.npy
e00206,-1,./processed_spectrograms\e00206.npy
e00207,-1,./processed_spectrograms\e00207.npy
e00208,-1,./processed_spectrograms\e00208.npy
e00209,-1,./processed_spectrograms\e00209.npy
e00210,-1,./processed_spectrograms\e00210.npy
e00211,-1,./processed_spectrograms\e00211.npy
e00212,-1,./processed_spectrograms\e00212.npy
e00213,-1,./processed_spectrograms\e00213.npy
e00214,-1,./processed_spectrograms\e00214.npy
e00215,-1,./processed_spectrograms\e00215.npy
e00216,1,./processed_spectrograms\e00216.npy
e00217,-1,./processed_spectrograms\e00217.npy
e00218,-1,./processed_spectrograms\e00218.npy
e00219,-1,./processed_spectrograms\e00219.npy
e00220,-1,./processed_spectrograms\e00220.npy
e00221,-1,./processed_spectrograms\e00221.npy
e00222,-1,./processed_spectrograms\e00222.npy
e00223,-1,./processed_spectrograms\e00223.npy
e00224,-1,./processed_spectrograms\e00224.npy
e00225,-1,./processed_spectrograms\e00225.npy
e00226,-1,./processed_spectrograms\e00226.npy
e00227,-1,./processed_spectrograms\e00227.npy
e00228,1,./processed_spectrograms\e00228.npy
e00229,-1,./processed_spectrograms\e00229.npy
e00230,-1,./processed_spectrograms\e00230.npy
e00231,-1,./processed_spectrograms\e00231.npy
e00232,-1,./processed_spectrograms\e00232.npy
e00233,-1,./processed_spectrograms\e00233.npy
e00234,-1,./processed_spectrograms\e00234.npy
e00235,-1,./processed_spectrograms\e00235.npy
e00236,-1,./processed_spectrograms\e00236.npy
e00237,-1,./processed_spectrograms\e00237.npy
e00238,-1,./processed_spectrograms\e00238.npy
e00239,-1,./processed_spectrograms\e00239.npy
e00240,-1,./processed_spectrograms\e00240.npy
e00241,-1,./processed_spectrograms\e00241.npy
e00242,-1,./processed_spectrograms\e00242.npy
e00243,-1,./processed_spectrograms\e00243.npy
e00244,-1,./processed_spectrograms\e00244.npy
e00245,-1,./processed_spectrograms\e00245.npy
e00246,-1,./processed_spectrograms\e00246.npy
e00247,-1,./processed_spectrograms\e00247.npy
e00248,-1,./processed_spectrograms\e00248.npy
e00249,-1,./processed_spectrograms\e00249.npy
e00250,-1,./processed_spectrograms\e00250.npy
e00251,-1,./processed_spectrograms\e00251.npy
e00252,-1,./processed_spectrograms\e00252.npy
e00253,-1,./processed_spectrograms\e00253.npy
e00254,-1,./processed_spectrograms\e00254.npy
e00255,-1,./processed_spectrograms\e00255.npy
e00256,-1,./processed_spectrograms\e00256.npy
e00257,-1,./processed_spectrograms\e00257.npy
e00258,-1,./processed_spectrograms\e00258.npy
e00259,-1,./processed_spectrograms\e00259.npy
e00260,-1,./processed_spectrograms\e00260.npy
e00261,-1,./processed_spectrograms\e00261.npy
e00262,-1,./processed_spectrograms\e00262.npy
e00263,-1,./processed_spectrograms\e00263.npy
e00264,-1,./processed_spectrograms\e00264.npy
e00265,-1,./processed_spectrograms\e00265.npy
e00266,1,./processed_spectrograms\e00266.npy
e00267,-1,./processed_spectrograms\e00267.npy
e00268,-1,./processed_spectrograms\e00268.npy
e00269,-1,./processed_spectrograms\e00269.npy
e00270,-1,./processed_spectrograms\e00270.npy
e00271,-1,./processed_spectrograms\e00271.npy
e00272,-1,./processed_spectrograms\e00272.npy
e00273,-1,./processed_spectrograms\e00273.npy
e00274,-1,./processed_spectrograms\e00274.npy
e00275,1,./processed_spectrograms\e00275.npy
e00276,-1,./processed_spectrograms\e00276.npy
e00277,-1,./processed_spectrograms\e00277.npy
e00278,-1,./processed_spectrograms\e00278.npy
e00279,-1,./processed_spectrograms\e00279.npy
e00280,-1,./processed_spectrograms\e00280.npy
e00281,-1,./processed_spectrograms\e00281.npy
e00282,-1,./processed_spectrograms\e00282.npy
e00283,-1,./processed_spectrograms\e00283.npy
e00284,-1,./processed_spectrograms\e00284.npy
e00285,-1,./processed_spectrograms\e00285.npy
e00286,-1,./processed_spectrograms\e00286.npy
e00287,-1,./processed_spectrograms\e00287.npy
e00288,-1,./processed_spectrograms\e00288.npy
e00289,-1,./processed_spectrograms\e00289.npy
e00290,-1,./processed_spectrograms\e00290.npy
e00291,-1,./processed_spectrograms\e00291.npy
e00292,-1,./processed_spectrograms\e00292.npy
e00293,-1,./processed_spectrograms\e00293.npy
e00294,-1,./processed_spectrograms\e00294.npy
e00295,1,./processed_spectrograms\e00295.npy
e00296,-1,./processed_spectrograms\e00296.npy
e00297,-1,./processed_spectrograms\e00297.npy
e00298,-1,./processed_spectrograms\e00298.npy
e00299,-1,./processed_spectrograms\e00299.npy
e00300,-1,./processed_spectrograms\e00300.npy
e00301,-1,./processed_spectrograms\e00301.npy
e00302,-1,./processed_spectrograms\e00302.npy
e00303,-1,./processed_spectrograms\e00303.npy
e00304,1,./processed_spectrograms\e00304.npy
e00305,1,./processed_spectrograms\e00305.npy
e00306,-1,./processed_spectrograms\e00306.npy
e00307,-1,./processed_spectrograms\e00307.npy
e00308,-1,./processed_spectrograms\e00308.npy
e00309,-1,./processed_spectrograms\e00309.npy
e00310,-1,./processed_spectrograms\e00310.npy
e00311,-1,./processed_spectrograms\e00311.npy
e00312,-1,./processed_spectrograms\e00312.npy
e00313,-1,./processed_spectrograms\e00313.npy
e00314,-1,./processed_spectrograms\e00314.npy
e00315,-1,./processed_spectrograms\e00315.npy
e00316,-1,./processed_spectrograms\e00316.npy
e00317,-1,./processed_spectrograms\e00317.npy
e00318,-1,./processed_spectrograms\e00318.npy
e00319,-1,./processed_spectrograms\e00319.npy
e00320,-1,./processed_spectrograms\e00320.npy
e00321,1,./processed_spectrograms\e00321.npy
e00322,-1,./processed_spectrograms\e00322.npy
e00323,-1,./processed_spectrograms\e00323.npy
e00324,-1,./processed_spectrograms\e00324.npy
e00325,-1,./processed_spectrograms\e00325.npy
e00326,-1,./processed_spectrograms\e00326.npy
e00327,-1,./processed_spectrograms\e00327.npy
e00328,1,./processed_spectrograms\e00328.npy
e00329,-1,./processed_spectrograms\e00329.npy
e00330,1,./processed_spectrograms\e00330.npy
e00331,-1,./processed_spectrograms\e00331.npy
e00332,-1,./processed_spectrograms\e00332.npy
e00333,-1,./processed_spectrograms\e00333.npy
e00334,-1,./processed_spectrograms\e00334.npy
e00335,-1,./processed_spectrograms\e00335.npy
e00336,1,./processed_spectrograms\e00336.npy
e00337,-1,./processed_spectrograms\e00337.npy
e00338,-1,./processed_spectrograms\e00338.npy
e00339,-1,./processed_spectrograms\e00339.npy
e00340,-1,./processed_spectrograms\e00340.npy
e00341,-1,./processed_spectrograms\e00341.npy
e00342,-1,./processed_spectrograms\e00342.npy
e00343,-1,./processed_spectrograms\e00343.npy
e00344,-1,./processed_spectrograms\e00344.npy
e00345,-1,./processed_spectrograms\e00345.npy
e00346,-1,./processed_spectrograms\e00346.npy
e00347,-1,./processed_spectrograms\e00347.npy
e00348,-1,./processed_spectrograms\e00348.npy
e00349,-1,./processed_spectrograms\e00349.npy
e00350,-1,./processed_spectrograms\e00350.npy
e00351,-1,./processed_spectrograms\e00351.npy
e00352,-1,./processed_spectrograms\e00352.npy
e00353,-1,./processed_spectrograms\e00353.npy
e00354,-1,./processed_spectrograms\e00354.npy
e00355,-1,./processed_spectrograms\e00355.npy
e00356,-1,./processed_spectrograms\e00356.npy
e00357,-1,./processed_spectrograms\e00357.npy
e00358,-1,./processed_spectrograms\e00358.npy
e00359,1,./processed_spectrograms\e00359.npy
e00360,-1,./processed_spectrograms\e00360.npy
e00361,-1,./processed_spectrograms\e00361.npy
e00362,-1,./processed_spectrograms\e00362.npy
e00363,-1,./processed_spectrograms\e00363.npy
e00364,-1,./processed_spectrograms\e00364.npy
e00365,-1,./processed_spectrograms\e00365.npy
e00366,-1,./processed_spectrograms\e00366.npy
e00367,-1,./processed_spectrograms\e00367.npy
e00368,-1,./processed_spectrograms\e00368.npy
e00369,-1,./processed_spectrograms\e00369.npy
e00370,-1,./processed_spectrograms\e00370.npy
e00371,-1,./processed_spectrograms\e00371.npy
e00372,-1,./processed_spectrograms\e00372.npy
e00373,1,./processed_spectrograms\e00373.npy
e00374,-1,./processed_spectrograms\e00374.npy
e00375,-1,./processed_spectrograms\e00375.npy
e00376,-1,./processed_spectrograms\e00376.npy
e00377,-1,./processed_spectrograms\e00377.npy
e00378,-1,./processed_spectrograms\e00378.npy
e00379,-1,./processed_spectrograms\e00379.npy
e00380,-1,./processed_spectrograms\e00380.npy
e00381,-1,./processed_spectrograms\e00381.npy
e00382,-1,./processed_spectrograms\e00382.npy
e00383,-1,./processed_spectrograms\e00383.npy
e00384,-1,./processed_spectrograms\e00384.npy
e00385,-1,./processed_spectrograms\e00385.npy
e00386,-1,./processed_spectrograms\e00386.npy
e00387,-1,./processed_spectrograms\e00387.npy
e00388,1,./processed_spectrograms\e00388.npy
e00389,-1,./processed_spectrograms\e00389.npy
e00390,-1,./processed_spectrograms\e00390.npy
e00391,-1,./processed_spectrograms\e00391.npy
e00392,-1,./processed_spectrograms\e00392.npy
e00393,-1,./processed_spectrograms\e00393.npy
e00394,-1,./processed_spectrograms\e00394.npy
e00395,-1,./processed_spectrograms\e00395.npy
e00396,-1,./processed_spectrograms\e00396.npy
e00397,-1,./processed_spectrograms\e00397.npy
e00398,-1,./processed_spectrograms\e00398.npy
e00399,-1,./processed_spectrograms\e00399.npy
e00400,-1,./processed_spectrograms\e00400.npy
e00401,-1,./processed_spectrograms\e00401.npy
e00402,-1,./processed_spectrograms\e00402.npy
e00403,-1,./processed_spectrograms\e00403.npy
e00404,-1,./processed_spectrograms\e00404.npy
e00405,-1,./processed_spectrograms\e00405.npy
e00406,-1,./processed_spectrograms\e00406.npy
e00407,-1,./processed_spectrograms\e00407.npy
e00408,-1,./processed_spectrograms\e00408.npy
e00409,-1,./processed_spectrograms\e00409.npy
e00410,-1,./processed_spectrograms\e00410.npy
e00411,-1,./processed_spectrograms\e00411.npy
e00412,-1,./processed_spectrograms\e00412.npy
e00413,-1,./processed_spectrograms\e00413.npy
e00414,-1,./processed_spectrograms\e00414.npy
e00415,-1,./processed_spectrograms\e00415.npy
e00416,-1,./processed_spectrograms\e00416.npy
e00417,-1,./processed_spectrograms\e00417.npy
e00418,-1,./processed_spectrograms\e00418.npy
e00419,-1,./processed_spectrograms\e00419.npy
e00420,-1,./processed_spectrograms\e00420.npy
e00421,-1,./processed_spectrograms\e00421.npy
e00422,-1,./processed_spectrograms\e00422.npy
e00423,-1,./processed_spectrograms\e00423.npy
e00424,-1,./processed_spectrograms\e00424.npy
e00425,-1,./processed_spectrograms\e00425.npy
e00426,-1,./processed_spectrograms\e00426.npy
e00427,-1,./processed_spectrograms\e00427.npy
e00428,-1,./processed_spectrograms\e00428.npy
e00429,-1,./processed_spectrograms\e00429.npy
e00430,-1,./processed_spectrograms\e00430.npy
e00431,-1,./processed_spectrograms\e00431.npy
e00432,-1,./processed_spectrograms\e00432.npy
e00433,-1,./processed_spectrograms\e00433.npy
e00434,-1,./processed_spectrograms\e00434.npy
e00435,1,./processed_spectrograms\e00435.npy
e00436,-1,./processed_spectrograms\e00436.npy
e00437,-1,./processed_spectrograms\e00437.npy
e00438,-1,./processed_spectrograms\e00438.npy
e00439,-1,./processed_spectrograms\e00439.npy
e00440,-1,./processed_spectrograms\e00440.npy
e00441,-1,./processed_spectrograms\e00441.npy
e00442,-1,./processed_spectrograms\e00442.npy
e00443,-1,./processed_spectrograms\e00443.npy
e00444,-1,./processed_spectrograms\e00444.npy
e00445,-1,./processed_spectrograms\e00445.npy
e00446,-1,./processed_spectrograms\e00446.npy
e00447,-1,./processed_spectrograms\e00447.npy
e00448,-1,./processed_spectrograms\e00448.npy
e00449,-1,./processed_spectrograms\e00449.npy
e00450,-1,./processed_spectrograms\e00450.npy
e00451,-1,./processed_spectrograms\e00451.npy
e00452,-1,./processed_spectrograms\e00452.npy
e00453,-1,./processed_spectrograms\e00453.npy
e00454,-1,./processed_spectrograms\e00454.npy
e00455,-1,./processed_spectrograms\e00455.npy
e00456,1,./processed_spectrograms\e00456.npy
e00457,1,./processed_spectrograms\e00457.npy
e00458,-1,./processed_spectrograms\e00458.npy
e00459,-1,./processed_spectrograms\e00459.npy
e00460,-1,./processed_spectrograms\e00460.npy
e00461,1,./processed_spectrograms\e00461.npy
e00462,-1,./processed_spectrograms\e00462.npy
e00463,-1,./processed_spectrograms\e00463.npy
e00464,-1,./processed_spectrograms\e00464.npy
e00465,-1,./processed_spectrograms\e00465.npy
e00466,-1,./processed_spectrograms\e00466.npy
e00467,-1,./processed_spectrograms\e00467.npy
e00468,-1,./processed_spectrograms\e00468.npy
e00469,-1,./processed_spectrograms\e00469.npy
e00470,-1,./processed_spectrograms\e00470.npy
e00471,-1,./processed_spectrograms\e00471.npy
e00472,-1,./processed_spectrograms\e00472.npy
e00473,-1,./processed_spectrograms\e00473.npy
e00474,-1,./processed_spectrograms\e00474.npy
e00475,1,./processed_spectrograms\e00475.npy
e00476,-1,./processed_spectrograms\e00476.npy
e00477,1,./processed_spectrograms\e00477.npy
e00478,-1,./processed_spectrograms\e00478.npy
e00479,-1,./processed_spectrograms\e00479.npy
e00480,-1,./processed_spectrograms\e00480.npy
e00481,-1,./processed_spectrograms\e00481.npy
e00482,-1,./processed_spectrograms\e00482.npy
e00483,-1,./processed_spectrograms\e00483.npy
e00484,-1,./processed_spectrograms\e00484.npy
e00485,-1,./processed_spectrograms\e00485.npy
e00486,-1,./processed_spectrograms\e00486.npy
e00487,-1,./processed_spectrograms\e00487.npy
e00488,-1,./processed_spectrograms\e00488.npy
e00489,-1,./processed_spectrograms\e00489.npy
e00490,-1,./processed_spectrograms\e00490.npy
e00491,-1,./processed_spectrograms\e00491.npy
e00492,-1,./processed_spectrograms\e00492.npy
e00493,-1,./processed_spectrograms\e00493.npy
e00494,-1,./processed_spectrograms\e00494.npy
e00495,-1,./processed_spectrograms\e00495.npy
e00496,-1,./processed_spectrograms\e00496.npy
e00497,-1,./processed_spectrograms\e00497.npy
e00498,-1,./processed_spectrograms\e00498.npy
e00499,-1,./processed_spectrograms\e00499.npy
e00500,-1,./processed_spectrograms\e00500.npy
e00501,-1,./processed_spectrograms\e00501.npy
e00502,-1,./processed_spectrograms\e00502.npy
e00503,-1,./processed_spectrograms\e00503.npy
e00504,-1,./processed_spectrograms\e00504.npy
e00505,-1,./processed_spectrograms\e00505.npy
e00506,-1,./processed_spectrograms\e00506.npy
e00507,-1,./processed_spectrograms\e00507.npy
e00508,-1,./processed_spectrograms\e00508.npy
e00509,-1,./processed_spectrograms\e00509.npy
e00510,-1,./processed_spectrograms\e00510.npy
e00511,-1,./processed_spectrograms\e00511.npy
e00512,-1,./processed_spectrograms\e00512.npy
e00513,-1,./processed_spectrograms\e00513.npy
e00514,-1,./processed_spectrograms\e00514.npy
e00515,-1,./processed_spectrograms\e00515.npy
e00516,-1,./processed_spectrograms\e00516.npy
e00517,-1,./processed_spectrograms\e00517.npy
e00518,-1,./processed_spectrograms\e00518.npy
e00519,-1,./processed_spectrograms\e00519.npy
e00520,-1,./processed_spectrograms\e00520.npy
e00521,-1,./processed_spectrograms\e00521.npy
e00522,-1,./processed_spectrograms\e00522.npy
e00523,1,./processed_spectrograms\e00523.npy
e00524,-1,./processed_spectrograms\e00524.npy
e00525,-1,./processed_spectrograms\e00525.npy
e00526,1,./processed_spectrograms\e00526.npy
e00527,-1,./processed_spectrograms\e00527.npy
e00528,1,./processed_spectrograms\e00528.npy
e00529,-1,./processed_spectrograms\e00529.npy
e00530,-1,./processed_spectrograms\e00530.npy
e00531,-1,./processed_spectrograms\e00531.npy
e00532,-1,./processed_spectrograms\e00532.npy
e00533,-1,./processed_spectrograms\e00533.npy
e00534,-1,./processed_spectrograms\e00534.npy
e00535,-1,./processed_spectrograms\e00535.npy
e00536,1,./processed_spectrograms\e00536.npy
e00537,1,./processed_spectrograms\e00537.npy
e00538,-1,./processed_spectrograms\e00538.npy
e00539,1,./processed_spectrograms\e00539.npy
e00540,-1,./processed_spectrograms\e00540.npy
e00541,-1,./processed_spectrograms\e00541.npy
e00542,-1,./processed_spectrograms\e00542.npy
e00543,-1,./processed_spectrograms\e00543.npy
e00544,-1,./processed_spectrograms\e00544.npy
e00545,-1,./processed_spectrograms\e00545.npy
e00546,-1,./processed_spectrograms\e00546.npy
e00547,-1,./processed_spectrograms\e00547.npy
e00548,-1,./processed_spectrograms\e00548.npy
e00549,-1,./processed_spectrograms\e00549.npy
e00550,-1,./processed_spectrograms\e00550.npy
e00551,1,./processed_spectrograms\e00551.npy
e00552,-1,./processed_spectrograms\e00552.npy
e00553,-1,./processed_spectrograms\e00553.npy
e00554,-1,./processed_spectrograms\e00554.npy
e00555,-1,./processed_spectrograms\e00555.npy
e00556,-1,./processed_spectrograms\e00556.npy
e00557,-1,./processed_spectrograms\e00557.npy
e00558,-1,./processed_spectrograms\e00558.npy
e00559,-1,./processed_spectrograms\e00559.npy
e00560,-1,./processed_spectrograms\e00560.npy
e00561,-1,./processed_spectrograms\e00561.npy
e00562,1,./processed_spectrograms\e00562.npy
e00563,-1,./processed_spectrograms\e00563.npy
e00564,-1,./processed_spectrograms\e00564.npy
e00565,-1,./processed_spectrograms\e00565.npy
e00566,-1,./processed_spectrograms\e00566.npy
e00567,-1,./processed_spectrograms\e00567.npy
e00568,-1,./processed_spectrograms\e00568.npy
e00569,-1,./processed_spectrograms\e00569.npy
e00570,-1,./processed_spectrograms\e00570.npy
e00571,-1,./processed_spectrograms\e00571.npy
e00572,-1,./processed_spectrograms\e00572.npy
e00573,-1,./processed_spectrograms\e00573.npy
e00574,-1,./processed_spectrograms\e00574.npy
e00575,-1,./processed_spectrograms\e00575.npy
e00576,-1,./processed_spectrograms\e00576.npy
e00577,-1,./processed_spectrograms\e00577.npy
e00578,-1,./processed_spectrograms\e00578.npy
e00579,-1,./processed_spectrograms\e00579.npy
e00580,-1,./processed_spectrograms\e00580.npy
e00581,-1,./processed_spectrograms\e00581.npy
e00582,-1,./processed_spectrograms\e00582.npy
e00583,-1,./processed_spectrograms\e00583.npy
e00584,-1,./processed_spectrograms\e00584.npy
e00585,-1,./processed_spectrograms\e00585.npy
e00586,-1,./processed_spectrograms\e00586.npy
e00587,-1,./processed_spectrograms\e00587.npy
e00588,-1,./processed_spectrograms\e00588.npy
e00589,-1,./processed_spectrograms\e00589.npy
e00590,-1,./processed_spectrograms\e00590.npy
e00591,1,./processed_spectrograms\e00591.npy
e00592,-1,./processed_spectrograms\e00592.npy
e00593,-1,./processed_spectrograms\e00593.npy
e00594,-1,./processed_spectrograms\e00594.npy
e00595,-1,./processed_spectrograms\e00595.npy
e00596,-1,./processed_spectrograms\e00596.npy
e00597,-1,./processed_spectrograms\e00597.npy
e00598,-1,./processed_spectrograms\e00598.npy
e00599,-1,./processed_spectrograms\e00599.npy
e00600,-1,./processed_spectrograms\e00600.npy
e00601,1,./processed_spectrograms\e00601.npy
e00602,-1,./processed_spectrograms\e00602.npy
e00603,1,./processed_spectrograms\e00603.npy
e00604,-1,./processed_spectrograms\e00604.npy
e00605,1,./processed_spectrograms\e00605.npy
e00606,-1,./processed_spectrograms\e00606.npy
e00607,-1,./processed_spectrograms\e00607.npy
e00608,-1,./processed_spectrograms\e00608.npy
e00609,-1,./processed_spectrograms\e00609.npy
e00610,-1,./processed_spectrograms\e00610.npy
e00611,-1,./processed_spectrograms\e00611.npy
e00612,-1,./processed_spectrograms\e00612.npy
e00613,-1,./processed_spectrograms\e00613.npy
e00614,-1,./processed_spectrograms\e00614.npy
e00615,-1,./processed_spectrograms\e00615.npy
e00616,-1,./processed_spectrograms\e00616.npy
e00617,-1,./processed_spectrograms\e00617.npy
e00618,-1,./processed_spectrograms\e00618.npy
e00619,1,./processed_spectrograms\e00619.npy
e00620,-1,./processed_spectrograms\e00620.npy
e00621,-1,./processed_spectrograms\e00621.npy
e00622,1,./processed_spectrograms\e00622.npy
e00623,-1,./processed_spectrograms\e00623.npy
e00624,-1,./processed_spectrograms\e00624.npy
e00625,-1,./processed_spectrograms\e00625.npy
e00626,-1,./processed_spectrograms\e00626.npy
e00627,1,./processed_spectrograms\e00627.npy
e00628,-1,./processed_spectrograms\e00628.npy
e00629,-1,./processed_spectrograms\e00629.npy
e00630,-1,./processed_spectrograms\e00630.npy
e00631,-1,./processed_spectrograms\e00631.npy
e00632,-1,./processed_spectrograms\e00632.npy
e00633,-1,./processed_spectrograms\e00633.npy
e00634,-1,./processed_spectrograms\e00634.npy
e00635,-1,./processed_spectrograms\e00635.npy
e00636,-1,./processed_spectrograms\e00636.npy
e00637,-1,./processed_spectrograms\e00637.npy
e00638,-1,./processed_spectrograms\e00638.npy
e00639,-1,./processed_spectrograms\e00639.npy
e00640,-1,./processed_spectrograms\e00640.npy
e00641,-1,./processed_spectrograms\e00641.npy
e00642,-1,./processed_spectrograms\e00642.npy
e00643,-1,./processed_spectrograms\e00643.npy
e00644,-1,./processed_spectrograms\e00644.npy
e00645,-1,./processed_spectrograms\e00645.npy
e00646,-1,./processed_spectrograms\e00646.npy
e00647,-1,./processed_spectrograms\e00647.npy
e00648,1,./processed_spectrograms\e00648.npy
e00649,-1,./processed_spectrograms\e00649.npy
e00650,-1,./processed_spectrograms\e00650.npy
e00651,-1,./processed_spectrograms\e00651.npy
e00652,-1,./processed_spectrograms\e00652.npy
e00653,-1,./processed_spectrograms\e00653.npy
e00654,-1,./processed_spectrograms\e00654.npy
e00655,-1,./processed_spectrograms\e00655.npy
e00656,-1,./processed_spectrograms\e00656.npy
e00657,1,./processed_spectrograms\e00657.npy
e00658,-1,./processed_spectrograms\e00658.npy
e00659,-1,./processed_spectrograms\e00659.npy
e00660,-1,./processed_spectrograms\e00660.npy
e00661,-1,./processed_spectrograms\e00661.npy
e00662,-1,./processed_spectrograms\e00662.npy
e00663,-1,./processed_spectrograms\e00663.npy
e00664,-1,./processed_spectrograms\e00664.npy
e00665,-1,./processed_spectrograms\e00665.npy
e00666,-1,./processed_spectrograms\e00666.npy
e00667,-1,./processed_spectrograms\e00667.npy
e00668,-1,./processed_spectrograms\e00668.npy
e00669,-1,./processed_spectrograms\e00669.npy
e00670,1,./processed_spectrograms\e00670.npy
e00671,-1,./processed_spectrograms\e00671.npy
e00672,-1,./processed_spectrograms\e00672.npy
e00673,-1,./processed_spectrograms\e00673.npy
e00674,-1,./processed_spectrograms\e00674.npy
e00675,-1,./processed_spectrograms\e00675.npy
e00676,-1,./processed_spectrograms\e00676.npy
e00677,-1,./processed_spectrograms\e00677.npy
e00678,-1,./processed_spectrograms\e00678.npy
e00679,-1,./processed_spectrograms\e00679.npy
e00680,-1,./processed_spectrograms\e00680.npy
e00681,-1,./processed_spectrograms\e00681.npy
e00682,-1,./processed_spectrograms\e00682.npy
e00683,-1,./processed_spectrograms\e00683.npy
e00684,-1,./processed_spectrograms\e00684.npy
e00685,-1,./processed_spectrograms\e00685.npy
e00686,-1,./processed_spectrograms\e00686.npy
e00687,-1,./processed_spectrograms\e00687.npy
e00688,-1,./processed_spectrograms\e00688.npy
e00689,-1,./processed_spectrograms\e00689.npy
e00690,-1,./processed_spectrograms\e00690.npy
e00691,-1,./processed_spectrograms\e00691.npy
e00692,-1,./processed_spectrograms\e00692.npy
e00693,1,./processed_spectrograms\e00693.npy
e00694,-1,./processed_spectrograms\e00694.npy
e00695,-1,./processed_spectrograms\e00695.npy
e00696,-1,./processed_spectrograms\e00696.npy
e00697,-1,./processed_spectrograms\e00697.npy
e00698,-1,./processed_spectrograms\e00698.npy
e00699,1,./processed_spectrograms\e00699.npy
e00700,-1,./processed_spectrograms\e00700.npy
e00701,-1,./processed_spectrograms\e00701.npy
e00702,-1,./processed_spectrograms\e00702.npy
e00703,1,./processed_spectrograms\e00703.npy
e00704,-1,./processed_spectrograms\e00704.npy
e00705,-1,./processed_spectrograms\e00705.npy
e00706,-1,./processed_spectrograms\e00706.npy
e00707,-1,./processed_spectrograms\e00707.npy
e00708,-1,./processed_spectrograms\e00708.npy
e00709,-1,./processed_spectrograms\e00709.npy
e00710,-1,./processed_spectrograms\e00710.npy
e00711,-1,./processed_spectrograms\e00711.npy
e00712,-1,./processed_spectrograms\e00712.npy
e00713,1,./processed_spectrograms\e00713.npy
e00714,-1,./processed_spectrograms\e00714.npy
e00715,-1,./processed_spectrograms\e00715.npy
e00716,-1,./processed_spectrograms\e00716.npy
e00717,-1,./processed_spectrograms\e00717.npy
e00718,-1,./processed_spectrograms\e00718.npy
e00719,-1,./processed_spectrograms\e00719.npy
e00720,-1,./processed_spectrograms\e00720.npy
e00721,-1,./processed_spectrograms\e00721.npy
e00722,-1,./processed_spectrograms\e00722.npy
e00723,-1,./processed_spectrograms\e00723.npy
e00724,-1,./processed_spectrograms\e00724.npy
e00725,-1,./processed_spectrograms\e00725.npy
e00726,-1,./processed_spectrograms\e00726.npy
e00727,-1,./processed_spectrograms\e00727.npy
e00728,-1,./processed_spectrograms\e00728.npy
e00729,-1,./processed_spectrograms\e00729.npy
e00730,-1,./processed_spectrograms\e00730.npy
e00731,1,./processed_spectrograms\e00731.npy
e00732,-1,./processed_spectrograms\e00732.npy
e00733,-1,./processed_spectrograms\e00733.npy
e00734,-1,./processed_spectrograms\e00734.npy
e00735,-1,./processed_spectrograms\e00735.npy
e00736,-1,./processed_spectrograms\e00736.npy
e00737,1,./processed_spectrograms\e00737.npy
e00738,-1,./processed_spectrograms\e00738.npy
e00739,-1,./processed_spectrograms\e00739.npy
e00740,-1,./processed_spectrograms\e00740.npy
e00741,-1,./processed_spectrograms\e00741.npy
e00742,-1,./processed_spectrograms\e00742.npy
e00743,-1,./processed_spectrograms\e00743.npy
e00744,-1,./processed_spectrograms\e00744.npy
e00745,-1,./processed_spectrograms\e00745.npy
e00746,-1,./processed_spectrograms\e00746.npy
e00747,-1,./processed_spectrograms\e00747.npy
e00748,-1,./processed_spectrograms\e00748.npy
e00749,-1,./processed_spectrograms\e00749.npy
e00750,-1,./processed_spectrograms\e00750.npy
e00751,-1,./processed_spectrograms\e00751.npy
e00752,-1,./processed_spectrograms\e00752.npy
e00753,-1,./processed_spectrograms\e00753.npy
e00754,-1,./processed_spectrograms\e00754.npy
e00755,-1,./processed_spectrograms\e00755.npy
e00756,-1,./processed_spectrograms\e00756.npy
e00757,-1,./processed_spectrograms\e00757.npy
e00758,-1,./processed_spectrograms\e00758.npy
e00759,-1,./processed_spectrograms\e00759.npy
e00760,-1,./processed_spectrograms\e00760.npy
e00761,-1,./processed_spectrograms\e00761.npy
e00762,-1,./processed_spectrograms\e00762.npy
e00763,-1,./processed_spectrograms\e00763.npy
e00764,-1,./processed_spectrograms\e00764.npy
e00765,-1,./processed_spectrograms\e00765.npy
e00766,1,./processed_spectrograms\e00766.npy
e00767,-1,./processed_spectrograms\e00767.npy
e00768,-1,./processed_spectrograms\e00768.npy
e00769,-1,./processed_spectrograms\e00769.npy
e00770,-1,./processed_spectrograms\e00770.npy
e00771,-1,./processed_spectrograms\e00771.npy
e00772,-1,./processed_spectrograms\e00772.npy
e00773,-1,./processed_spectrograms\e00773.npy
e00774,-1,./processed_spectrograms\e00774.npy
e00775,-1,./processed_spectrograms\e00775.npy
e00776,-1,./processed_spectrograms\e00776.npy
e00777,-1,./processed_spectrograms\e00777.npy
e00778,-1,./processed_spectrograms\e00778.npy
e00779,-1,./processed_spectrograms\e00779.npy
e00780,-1,./processed_spectrograms\e00780.npy
e00781,-1,./processed_spectrograms\e00781.npy
e00782,-1,./processed_spectrograms\e00782.npy
e00783,-1,./processed_spectrograms\e00783.npy
e00784,-1,./processed_spectrograms\e00784.npy
e00785,-1,./processed_spectrograms\e00785.npy
e00786,-1,./processed_spectrograms\e00786.npy
e00787,-1,./processed_spectrograms\e00787.npy
e00788,-1,./processed_spectrograms\e00788.npy
e00789,-1,./processed_spectrograms\e00789.npy
e00790,-1,./processed_spectrograms\e00790.npy
e00791,-1,./processed_spectrograms\e00791.npy
e00792,1,./processed_spectrograms\e00792.npy
e00793,-1,./processed_spectrograms\e00793.npy
e00794,-1,./processed_spectrograms\e00794.npy
e00795,-1,./processed_spectrograms\e00795.npy
e00796,-1,./processed_spectrograms\e00796.npy
e00797,-1,./processed_spectrograms\e00797.npy
e00798,-1,./processed_spectrograms\e00798.npy
e00799,-1,./processed_spectrograms\e00799.npy
e00800,-1,./processed_spectrograms\e00800.npy
e00801,-1,./processed_spectrograms\e00801.npy
e00802,-1,./processed_spectrograms\e00802.npy
e00803,-1,./processed_spectrograms\e00803.npy
e00804,-1,./processed_spectrograms\e00804.npy
e00805,-1,./processed_spectrograms\e00805.npy
e00806,-1,./processed_spectrograms\e00806.npy
e00807,-1,./processed_spectrograms\e00807.npy
e00808,-1,./processed_spectrograms\e00808.npy
e00809,-1,./processed_spectrograms\e00809.npy
e00810,-1,./processed_spectrograms\e00810.npy
e00811,1,./processed_spectrograms\e00811.npy
e00812,1,./processed_spectrograms\e00812.npy
e00813,-1,./processed_spectrograms\e00813.npy
e00814,-1,./processed_spectrograms\e00814.npy
e00815,-1,./processed_spectrograms\e00815.npy
e00816,-1,./processed_spectrograms\e00816.npy
e00817,-1,./processed_spectrograms\e00817.npy
e00818,-1,./processed_spectrograms\e00818.npy
e00819,-1,./processed_spectrograms\e00819.npy
e00820,-1,./processed_spectrograms\e00820.npy
e00821,-1,./processed_spectrograms\e00821.npy
e00822,-1,./processed_spectrograms\e00822.npy
e00823,-1,./processed_spectrograms\e00823.npy
e00824,1,./processed_spectrograms\e00824.npy
e00825,-1,./processed_spectrograms\e00825.npy
e00826,-1,./processed_spectrograms\e00826.npy
e00827,-1,./processed_spectrograms\e00827.npy
e00828,-1,./processed_spectrograms\e00828.npy
e00829,-1,./processed_spectrograms\e00829.npy
e00830,-1,./processed_spectrograms\e00830.npy
e00831,-1,./processed_spectrograms\e00831.npy
e00832,-1,./processed_spectrograms\e00832.npy
e00833,-1,./processed_spectrograms\e00833.npy
e00834,-1,./processed_spectrograms\e00834.npy
e00835,-1,./processed_spectrograms\e00835.npy
e00836,-1,./processed_spectrograms\e00836.npy
e00837,-1,./processed_spectrograms\e00837.npy
e00838,-1,./processed_spectrograms\e00838.npy
e00839,-1,./processed_spectrograms\e00839.npy
e00840,-1,./processed_spectrograms\e00840.npy
e00841,1,./processed_spectrograms\e00841.npy
e00842,-1,./processed_spectrograms\e00842.npy
e00843,-1,./processed_spectrograms\e00843.npy
e00844,-1,./processed_spectrograms\e00844.npy
e00845,-1,./processed_spectrograms\e00845.npy
e00846,-1,./processed_spectrograms\e00846.npy
e00847,1,./processed_spectrograms\e00847.npy
e00848,-1,./processed_spectrograms\e00848.npy
e00849,-1,./processed_spectrograms\e00849.npy
e00850,-1,./processed_spectrograms\e00850.npy
e00851,-1,./processed_spectrograms\e00851.npy
e00852,-1,./processed_spectrograms\e00852.npy
e00853,-1,./processed_spectrograms\e00853.npy
e00854,-1,./processed_spectrograms\e00854.npy
e00855,-1,./processed_spectrograms\e00855.npy
e00856,-1,./processed_spectrograms\e00856.npy
e00857,-1,./processed_spectrograms\e00857.npy
e00858,-1,./processed_spectrograms\e00858.npy
e00859,-1,./processed_spectrograms\e00859.npy
e00860,-1,./processed_spectrograms\e00860.npy
e00861,-1,./processed_spectrograms\e00861.npy
e00862,-1,./processed_spectrograms\e00862.npy
e00863,-1,./processed_spectrograms\e00863.npy
e00864,-1,./processed_spectrograms\e00864.npy
e00865,-1,./processed_spectrograms\e00865.npy
e00866,-1,./processed_spectrograms\e00866.npy
e00867,-1,./processed_spectrograms\e00867.npy
e00868,-1,./processed_spectrograms\e00868.npy
e00869,-1,./processed_spectrograms\e00869.npy
e00870,-1,./processed_spectrograms\e00870.npy
e00871,1,./processed_spectrograms\e00871.npy
e00872,-1,./processed_spectrograms\e00872.npy
e00873,-1,./processed_spectrograms\e00873.npy
e00874,-1,./processed_spectrograms\e00874.npy
e00875,-1,./processed_spectrograms\e00875.npy
e00876,-1,./processed_spectrograms\e00876.npy
e00877,-1,./processed_spectrograms\e00877.npy
e00878,-1,./processed_spectrograms\e00878.npy
e00879,-1,./processed_spectrograms\e00879.npy
e00880,1,./processed_spectrograms\e00880.npy
e00881,-1,./processed_spectrograms\e00881.npy
e00882,-1,./processed_spectrograms\e00882.npy
e00883,-1,./processed_spectrograms\e00883.npy
e00884,-1,./processed_spectrograms\e00884.npy
e00885,-1,./processed_spectrograms\e00885.npy
e00886,-1,./processed_spectrograms\e00886.npy
e00887,-1,./processed_spectrograms\e00887.npy
e00888,-1,./processed_spectrograms\e00888.npy
e00889,-1,./processed_spectrograms\e00889.npy
e00890,-1,./processed_spectrograms\e00890.npy
e00891,-1,./processed_spectrograms\e00891.npy
e00892,-1,./processed_spectrograms\e00892.npy
e00893,-1,./processed_spectrograms\e00893.npy
e00894,-1,./processed_spectrograms\e00894.npy
e00895,-1,./processed_spectrograms\e00895.npy
e00896,-1,./processed_spectrograms\e00896.npy
e00897,-1,./processed_spectrograms\e00897.npy
e00898,-1,./processed_spectrograms\e00898.npy
e00899,-1,./processed_spectrograms\e00899.npy
e00900,-1,./processed_spectrograms\e00900.npy
e00901,-1,./processed_spectrograms\e00901.npy
e00902,-1,./processed_spectrograms\e00902.npy
e00903,-1,./processed_spectrograms\e00903.npy
e00904,-1,./processed_spectrograms\e00904.npy
e00905,-1,./processed_spectrograms\e00905.npy
e00906,-1,./processed_spectrograms\e00906.npy
e00907,-1,./processed_spectrograms\e00907.npy
e00908,-1,./processed_spectrograms\e00908.npy
e00909,-1,./processed_spectrograms\e00909.npy
e00910,-1,./processed_spectrograms\e00910.npy
e00911,-1,./processed_spectrograms\e00911.npy
e00912,-1,./processed_spectrograms\e00912.npy
e00913,-1,./processed_spectrograms\e00913.npy
e00914,-1,./processed_spectrograms\e00914.npy
e00915,-1,./processed_spectrograms\e00915.npy
e00916,-1,./processed_spectrograms\e00916.npy
e00917,1,./processed_spectrograms\e00917.npy
e00918,-1,./processed_spectrograms\e00918.npy
e00919,-1,./processed_spectrograms\e00919.npy
e00920,-1,./processed_spectrograms\e00920.npy
e00921,1,./processed_spectrograms\e00921.npy
e00922,-1,./processed_spectrograms\e00922.npy
e00923,-1,./processed_spectrograms\e00923.npy
e00924,1,./processed_spectrograms\e00924.npy
e00925,1,./processed_spectrograms\e00925.npy
e00926,-1,./processed_spectrograms\e00926.npy
e00927,-1,./processed_spectrograms\e00927.npy
e00928,-1,./processed_spectrograms\e00928.npy
e00929,1,./processed_spectrograms\e00929.npy
e00930,-1,./processed_spectrograms\e00930.npy
e00931,-1,./processed_spectrograms\e00931.npy
e00932,-1,./processed_spectrograms\e00932.npy
e00933,-1,./processed_spectrograms\e00933.npy
e00934,-1,./processed_spectrograms\e00934.npy
e00935,1,./processed_spectrograms\e00935.npy
e00936,1,./processed_spectrograms\e00936.npy
e00937,-1,./processed_spectrograms\e00937.npy
e00938,-1,./processed_spectrograms\e00938.npy
e00939,-1,./processed_spectrograms\e00939.npy
e00940,-1,./processed_spectrograms\e00940.npy
e00941,-1,./processed_spectrograms\e00941.npy
e00942,-1,./processed_spectrograms\e00942.npy
e00943,-1,./processed_spectrograms\e00943.npy
e00944,-1,./processed_spectrograms\e00944.npy
e00945,-1,./processed_spectrograms\e00945.npy
e00946,-1,./processed_spectrograms\e00946.npy
e00947,-1,./processed_spectrograms\e00947.npy
e00948,-1,./processed_spectrograms\e00948.npy
e00949,-1,./processed_spectrograms\e00949.npy
e00950,-1,./processed_spectrograms\e00950.npy
e00951,-1,./processed_spectrograms\e00951.npy
e00952,-1,./processed_spectrograms\e00952.npy
e00953,-1,./processed_spectrograms\e00953.npy
e00954,-1,./processed_spectrograms\e00954.npy
e00955,-1,./processed_spectrograms\e00955.npy
e00956,-1,./processed_spectrograms\e00956.npy
e00957,-1,./processed_spectrograms\e00957.npy
e00958,-1,./processed_spectrograms\e00958.npy
e00959,-1,./processed_spectrograms\e00959.npy
e00960,-1,./processed_spectrograms\e00960.npy
e00961,-1,./processed_spectrograms\e00961.npy
e00962,-1,./processed_spectrograms\e00962.npy
e00963,-1,./processed_spectrograms\e00963.npy
e00964,-1,./processed_spectrograms\e00964.npy
e00965,-1,./processed_spectrograms\e00965.npy
e00966,-1,./processed_spectrograms\e00966.npy
e00967,1,./processed_spectrograms\e00967.npy
e00968,-1,./processed_spectrograms\e00968.npy
e00969,-1,./processed_spectrograms\e00969.npy
e00970,-1,./processed_spectrograms\e00970.npy
e00971,-1,./processed_spectrograms\e00971.npy
e00972,-1,./processed_spectrograms\e00972.npy
e00973,-1,./processed_spectrograms\e00973.npy
e00974,-1,./processed_spectrograms\e00974.npy
e00975,-1,./processed_spectrograms\e00975.npy
e00976,-1,./processed_spectrograms\e00976.npy
e00977,-1,./processed_spectrograms\e00977.npy
e00978,-1,./processed_spectrograms\e00978.npy
e00979,-1,./processed_spectrograms\e00979.npy
e00980,1,./processed_spectrograms\e00980.npy
e00981,-1,./processed_spectrograms\e00981.npy
e00982,-1,./processed_spectrograms\e00982.npy
e00983,-1,./processed_spectrograms\e00983.npy
e00984,-1,./processed_spectrograms\e00984.npy
e00985,-1,./processed_spectrograms\e00985.npy
e00986,-1,./processed_spectrograms\e00986.npy
e00987,-1,./processed_spectrograms\e00987.npy
e00988,-1,./processed_spectrograms\e00988.npy
e00989,-1,./processed_spectrograms\e00989.npy
e00990,-1,./processed_spectrograms\e00990.npy
e00991,-1,./processed_spectrograms\e00991.npy
e00992,-1,./processed_spectrograms\e00992.npy
e00993,-1,./processed_spectrograms\e00993.npy
e00994,-1,./processed_spectrograms\e00994.npy
e00995,-1,./processed_spectrograms\e00995.npy
e00996,-1,./processed_spectrograms\e00996.npy
e00997,-1,./processed_spectrograms\e00997.npy
e00998,1,./processed_spectrograms\e00998.npy
e00999,-1,./processed_spectrograms\e00999.npy
e01000,-1,./processed_spectrograms\e01000.npy
e01001,-1,./processed_spectrograms\e01001.npy
e01002,-1,./processed_spectrograms\e01002.npy
e01003,-1,./processed_spectrograms\e01003.npy
e01004,-1,./processed_spectrograms\e01004.npy
e01005,-1,./processed_spectrograms\e01005.npy
e01006,-1,./processed_spectrograms\e01006.npy
e01007,-1,./processed_spectrograms\e01007.npy
e01008,-1,./processed_spectrograms\e01008.npy
e01009,-1,./processed_spectrograms\e01009.npy
e01010,-1,./processed_spectrograms\e01010.npy
e01011,-1,./processed_spectrograms\e01011.npy
e01012,-1,./processed_spectrograms\e01012.npy
e01013,1,./processed_spectrograms\e01013.npy
e01014,-1,./processed_spectrograms\e01014.npy
e01015,-1,./processed_spectrograms\e01015.npy
e01016,1,./processed_spectrograms\e01016.npy
e01017,-1,./processed_spectrograms\e01017.npy
e01018,-1,./processed_spectrograms\e01018.npy
e01019,-1,./processed_spectrograms\e01019.npy
e01020,-1,./processed_spectrograms\e01020.npy
e01021,-1,./processed_spectrograms\e01021.npy
e01022,-1,./processed_spectrograms\e01022.npy
e01023,-1,./processed_spectrograms\e01023.npy
e01024,-1,./processed_spectrograms\e01024.npy
e01025,-1,./processed_spectrograms\e01025.npy
e01026,-1,./processed_spectrograms\e01026.npy
e01027,-1,./processed_spectrograms\e01027.npy
e01028,-1,./processed_spectrograms\e01028.npy
e01029,-1,./processed_spectrograms\e01029.npy
e01030,-1,./processed_spectrograms\e01030.npy
e01031,-1,./processed_spectrograms\e01031.npy
e01032,-1,./processed_spectrograms\e01032.npy
e01033,-1,./processed_spectrograms\e01033.npy
e01034,-1,./processed_spectrograms\e01034.npy
e01035,-1,./processed_spectrograms\e01035.npy
e01036,-1,./processed_spectrograms\e01036.npy
e01037,-1,./processed_spectrograms\e01037.npy
e01038,-1,./processed_spectrograms\e01038.npy
e01039,-1,./processed_spectrograms\e01039.npy
e01040,-1,./processed_spectrograms\e01040.npy
e01041,-1,./processed_spectrograms\e01041.npy
e01042,-1,./processed_spectrograms\e01042.npy
e01043,-1,./processed_spectrograms\e01043.npy
e01044,-1,./processed_spectrograms\e01044.npy
e01045,-1,./processed_spectrograms\e01045.npy
e01046,-1,./processed_spectrograms\e01046.npy
e01047,-1,./processed_spectrograms\e01047.npy
e01048,-1,./processed_spectrograms\e01048.npy
e01049,-1,./processed_spectrograms\e01049.npy
e01050,-1,./processed_spectrograms\e01050.npy
e01051,-1,./processed_spectrograms\e01051.npy
e01052,-1,./processed_spectrograms\e01052.npy
e01053,-1,./processed_spectrograms\e01053.npy
e01054,-1,./processed_spectrograms\e01054.npy
e01055,1,./processed_spectrograms\e01055.npy
e01056,-1,./processed_spectrograms\e01056.npy
e01057,-1,./processed_spectrograms\e01057.npy
e01058,-1,./processed_spectrograms\e01058.npy
e01059,-1,./processed_spectrograms\e01059.npy
e01060,-1,./processed_spectrograms\e01060.npy
e01061,-1,./processed_spectrograms\e01061.npy
e01062,1,./processed_spectrograms\e01062.npy
e01063,-1,./processed_spectrograms\e01063.npy
e01064,-1,./processed_spectrograms\e01064.npy
e01065,-1,./processed_spectrograms\e01065.npy
e01066,-1,./processed_spectrograms\e01066.npy
e01067,-1,./processed_spectrograms\e01067.npy
e01068,-1,./processed_spectrograms\e01068.npy
e01069,-1,./processed_spectrograms\e01069.npy
e01070,-1,./processed_spectrograms\e01070.npy
e01071,-1,./processed_spectrograms\e01071.npy
e01072,-1,./processed_spectrograms\e01072.npy
e01073,-1,./processed_spectrograms\e01073.npy
e01074,-1,./processed_spectrograms\e01074.npy
e01075,-1,./processed_spectrograms\e01075.npy
e01076,-1,./processed_spectrograms\e01076.npy
e01077,-1,./processed_spectrograms\e01077.npy
e01078,-1,./processed_spectrograms\e01078.npy
e01079,-1,./processed_spectrograms\e01079.npy
e01080,-1,./processed_spectrograms\e01080.npy
e01081,-1,./processed_spectrograms\e01081.npy
e01082,-1,./processed_spectrograms\e01082.npy
e01083,-1,./processed_spectrograms\e01083.npy
e01084,1,./processed_spectrograms\e01084.npy
e01085,-1,./processed_spectrograms\e01085.npy
e01086,-1,./processed_spectrograms\e01086.npy
e01087,-1,./processed_spectrograms\e01087.npy
e01088,-1,./processed_spectrograms\e01088.npy
e01089,-1,./processed_spectrograms\e01089.npy
e01090,-1,./processed_spectrograms\e01090.npy
e01091,-1,./processed_spectrograms\e01091.npy
e01092,-1,./processed_spectrograms\e01092.npy
e01093,-1,./processed_spectrograms\e01093.npy
e01094,-1,./processed_spectrograms\e01094.npy
e01095,-1,./processed_spectrograms\e01095.npy
e01096,-1,./processed_spectrograms\e01096.npy
e01097,1,./processed_spectrograms\e01097.npy
e01098,-1,./processed_spectrograms\e01098.npy
e01099,-1,./processed_spectrograms\e01099.npy
e01100,-1,./processed_spectrograms\e01100.npy
e01101,-1,./processed_spectrograms\e01101.npy
e01102,-1,./processed_spectrograms\e01102.npy
e01103,-1,./processed_spectrograms\e01103.npy
e01104,-1,./processed_spectrograms\e01104.npy
e01105,1,./processed_spectrograms\e01105.npy
e01106,-1,./processed_spectrograms\e01106.npy
e01107,-1,./processed_spectrograms\e01107.npy
e01108,-1,./processed_spectrograms\e01108.npy
e01109,-1,./processed_spectrograms\e01109.npy
e01110,-1,./processed_spectrograms\e01110.npy
e01111,-1,./processed_spectrograms\e01111.npy
e01112,-1,./processed_spectrograms\e01112.npy
e01113,-1,./processed_spectrograms\e01113.npy
e01114,-1,./processed_spectrograms\e01114.npy
e01115,1,./processed_spectrograms\e01115.npy
e01116,-1,./processed_spectrograms\e01116.npy
e01117,-1,./processed_spectrograms\e01117.npy
e01118,-1,./processed_spectrograms\e01118.npy
e01119,-1,./processed_spectrograms\e01119.npy
e01120,-1,./processed_spectrograms\e01120.npy
e01121,-1,./processed_spectrograms\e01121.npy
e01122,-1,./processed_spectrograms\e01122.npy
e01123,-1,./processed_spectrograms\e01123.npy
e01124,-1,./processed_spectrograms\e01124.npy
e01125,-1,./processed_spectrograms\e01125.npy
e01126,-1,./processed_spectrograms\e01126.npy
e01127,-1,./processed_spectrograms\e01127.npy
e01128,-1,./processed_spectrograms\e01128.npy
e01129,-1,./processed_spectrograms\e01129.npy
e01130,-1,./processed_spectrograms\e01130.npy
e01131,-1,./processed_spectrograms\e01131.npy
e01132,-1,./processed_spectrograms\e01132.npy
e01133,-1,./processed_spectrograms\e01133.npy
e01134,-1,./processed_spectrograms\e01134.npy
e01135,-1,./processed_spectrograms\e01135.npy
e01136,-1,./processed_spectrograms\e01136.npy
e01137,-1,./processed_spectrograms\e01137.npy
e01138,-1,./processed_spectrograms\e01138.npy
e01139,-1,./processed_spectrograms\e01139.npy
e01140,-1,./processed_spectrograms\e01140.npy
e01141,-1,./processed_spectrograms\e01141.npy
e01142,-1,./processed_spectrograms\e01142.npy
e01143,-1,./processed_spectrograms\e01143.npy
e01144,-1,./processed_spectrograms\e01144.npy
e01145,-1,./processed_spectrograms\e01145.npy
e01146,-1,./processed_spectrograms\e01146.npy
e01147,-1,./processed_spectrograms\e01147.npy
e01148,-1,./processed_spectrograms\e01148.npy
e01149,-1,./processed_spectrograms\e01149.npy
e01150,-1,./processed_spectrograms\e01150.npy
e01151,-1,./processed_spectrograms\e01151.npy
e01152,-1,./processed_spectrograms\e01152.npy
e01153,-1,./processed_spectrograms\e01153.npy
e01154,-1,./processed_spectrograms\e01154.npy
e01155,-1,./processed_spectrograms\e01155.npy
e01156,-1,./processed_spectrograms\e01156.npy
e01157,-1,./processed_spectrograms\e01157.npy
e01158,-1,./processed_spectrograms\e01158.npy
e01159,-1,./processed_spectrograms\e01159.npy
e01160,1,./processed_spectrograms\e01160.npy
e01161,-1,./processed_spectrograms\e01161.npy
e01162,-1,./processed_spectrograms\e01162.npy
e01163,-1,./processed_spectrograms\e01163.npy
e01164,-1,./processed_spectrograms\e01164.npy
e01165,-1,./processed_spectrograms\e01165.npy
e01166,-1,./processed_spectrograms\e01166.npy
e01167,-1,./processed_spectrograms\e01167.npy
e01168,-1,./processed_spectrograms\e01168.npy
e01169,-1,./processed_spectrograms\e01169.npy
e01170,-1,./processed_spectrograms\e01170.npy
e01171,-1,./processed_spectrograms\e01171.npy
e01172,-1,./processed_spectrograms\e01172.npy
e01173,-1,./processed_spectrograms\e01173.npy
e01174,-1,./processed_spectrograms\e01174.npy
e01175,-1,./processed_spectrograms\e01175.npy
e01176,-1,./processed_spectrograms\e01176.npy
e01177,-1,./processed_spectrograms\e01177.npy
e01178,-1,./processed_spectrograms\e01178.npy
e01179,-1,./processed_spectrograms\e01179.npy
e01180,-1,./processed_spectrograms\e01180.npy
e01181,-1,./processed_spectrograms\e01181.npy
e01182,-1,./processed_spectrograms\e01182.npy
e01183,-1,./processed_spectrograms\e01183.npy
e01184,-1,./processed_spectrograms\e01184.npy
e01185,-1,./processed_spectrograms\e01185.npy
e01186,-1,./processed_spectrograms\e01186.npy
e01187,-1,./processed_spectrograms\e01187.npy
e01188,-1,./processed_spectrograms\e01188.npy
e01189,-1,./processed_spectrograms\e01189.npy
e01190,-1,./processed_spectrograms\e01190.npy
e01191,-1,./processed_spectrograms\e01191.npy
e01192,-1,./processed_spectrograms\e01192.npy
e01193,-1,./processed_spectrograms\e01193.npy
e01194,-1,./processed_spectrograms\e01194.npy
e01195,-1,./processed_spectrograms\e01195.npy
e01196,-1,./processed_spectrograms\e01196.npy
e01197,-1,./processed_spectrograms\e01197.npy
e01198,-1,./processed_spectrograms\e01198.npy
e01199,-1,./processed_spectrograms\e01199.npy
e01200,-1,./processed_spectrograms\e01200.npy
e01201,-1,./processed_spectrograms\e01201.npy
e01202,-1,./processed_spectrograms\e01202.npy
e01203,-1,./processed_spectrograms\e01203.npy
e01204,-1,./processed_spectrograms\e01204.npy
e01205,1,./processed_spectrograms\e01205.npy
e01206,-1,./processed_spectrograms\e01206.npy
e01207,-1,./processed_spectrograms\e01207.npy
e01208,-1,./processed_spectrograms\e01208.npy
e01209,-1,./processed_spectrograms\e01209.npy
e01210,-1,./processed_spectrograms\e01210.npy
e01211,-1,./processed_spectrograms\e01211.npy
e01212,-1,./processed_spectrograms\e01212.npy
e01213,-1,./processed_spectrograms\e01213.npy
e01214,-1,./processed_spectrograms\e01214.npy
e01215,1,./processed_spectrograms\e01215.npy
e01216,-1,./processed_spectrograms\e01216.npy
e01217,-1,./processed_spectrograms\e01217.npy
e01218,1,./processed_spectrograms\e01218.npy
e01219,-1,./processed_spectrograms\e01219.npy
e01220,-1,./processed_spectrograms\e01220.npy
e01221,-1,./processed_spectrograms\e01221.npy
e01222,-1,./processed_spectrograms\e01222.npy
e01223,-1,./processed_spectrograms\e01223.npy
e01224,-1,./processed_spectrograms\e01224.npy
e01225,-1,./processed_spectrograms\e01225.npy
e01226,1,./processed_spectrograms\e01226.npy
e01227,-1,./processed_spectrograms\e01227.npy
e01228,-1,./processed_spectrograms\e01228.npy
e01229,-1,./processed_spectrograms\e01229.npy
e01230,-1,./processed_spectrograms\e01230.npy
e01231,-1,./processed_spectrograms\e01231.npy
e01232,-1,./processed_spectrograms\e01232.npy
e01233,-1,./processed_spectrograms\e01233.npy
e01234,-1,./processed_spectrograms\e01234.npy
e01235,-1,./processed_spectrograms\e01235.npy
e01236,-1,./processed_spectrograms\e01236.npy
e01237,1,./processed_spectrograms\e01237.npy
e01238,-1,./processed_spectrograms\e01238.npy
e01239,-1,./processed_spectrograms\e01239.npy
e01240,-1,./processed_spectrograms\e01240.npy
e01241,-1,./processed_spectrograms\e01241.npy
e01242,-1,./processed_spectrograms\e01242.npy
e01243,-1,./processed_spectrograms\e01243.npy
e01244,-1,./processed_spectrograms\e01244.npy
e01245,-1,./processed_spectrograms\e01245.npy
e01246,1,./processed_spectrograms\e01246.npy
e01247,-1,./processed_spectrograms\e01247.npy
e01248,-1,./processed_spectrograms\e01248.npy
e01249,-1,./processed_spectrograms\e01249.npy
e01250,-1,./processed_spectrograms\e01250.npy
e01251,-1,./processed_spectrograms\e01251.npy
e01252,-1,./processed_spectrograms\e01252.npy
e01253,-1,./processed_spectrograms\e01253.npy
e01254,-1,./processed_spectrograms\e01254.npy
e01255,-1,./processed_spectrograms\e01255.npy
e01256,1,./processed_spectrograms\e01256.npy
e01257,-1,./processed_spectrograms\e01257.npy
e01258,-1,./processed_spectrograms\e01258.npy
e01259,-1,./processed_spectrograms\e01259.npy
e01260,-1,./processed_spectrograms\e01260.npy
e01261,-1,./processed_spectrograms\e01261.npy
e01262,-1,./processed_spectrograms\e01262.npy
e01263,1,./processed_spectrograms\e01263.npy
e01264,-1,./processed_spectrograms\e01264.npy
e01265,-1,./processed_spectrograms\e01265.npy
e01266,-1,./processed_spectrograms\e01266.npy
e01267,-1,./processed_spectrograms\e01267.npy
e01268,-1,./processed_spectrograms\e01268.npy
e01269,-1,./processed_spectrograms\e01269.npy
e01270,-1,./processed_spectrograms\e01270.npy
e01271,-1,./processed_spectrograms\e01271.npy
e01272,1,./processed_spectrograms\e01272.npy
e01273,-1,./processed_spectrograms\e01273.npy
e01274,-1,./processed_spectrograms\e01274.npy
e01275,-1,./processed_spectrograms\e01275.npy
e01276,-1,./processed_spectrograms\e01276.npy
e01277,-1,./processed_spectrograms\e01277.npy
e01278,-1,./processed_spectrograms\e01278.npy
e01279,-1,./processed_spectrograms\e01279.npy
e01280,1,./processed_spectrograms\e01280.npy
e01281,-1,./processed_spectrograms\e01281.npy
e01282,-1,./processed_spectrograms\e01282.npy
e01283,-1,./processed_spectrograms\e01283.npy
e01284,1,./processed_spectrograms\e01284.npy
e01285,-1,./processed_spectrograms\e01285.npy
e01286,-1,./processed_spectrograms\e01286.npy
e01287,-1,./processed_spectrograms\e01287.npy
e01288,-1,./processed_spectrograms\e01288.npy
e01289,1,./processed_spectrograms\e01289.npy
e01290,-1,./processed_spectrograms\e01290.npy
e01291,-1,./processed_spectrograms\e01291.npy
e01292,-1,./processed_spectrograms\e01292.npy
e01293,-1,./processed_spectrograms\e01293.npy
e01294,-1,./processed_spectrograms\e01294.npy
e01295,-1,./processed_spectrograms\e01295.npy
e01296,-1,./processed_spectrograms\e01296.npy
e01297,-1,./processed_spectrograms\e01297.npy
e01298,1,./processed_spectrograms\e01298.npy
e01299,1,./processed_spectrograms\e01299.npy
e01300,-1,./processed_spectrograms\e01300.npy
e01301,-1,./processed_spectrograms\e01301.npy
e01302,-1,./processed_spectrograms\e01302.npy
e01303,-1,./processed_spectrograms\e01303.npy
e01304,-1,./processed_spectrograms\e01304.npy
e01305,-1,./processed_spectrograms\e01305.npy
e01306,-1,./processed_spectrograms\e01306.npy
e01307,1,./processed_spectrograms\e01307.npy
e01308,-1,./processed_spectrograms\e01308.npy
e01309,-1,./processed_spectrograms\e01309.npy
e01310,-1,./processed_spectrograms\e01310.npy
e01311,-1,./processed_spectrograms\e01311.npy
e01312,-1,./processed_spectrograms\e01312.npy
e01313,-1,./processed_spectrograms\e01313.npy
e01314,-1,./processed_spectrograms\e01314.npy
e01315,-1,./processed_spectrograms\e01315.npy
e01316,-1,./processed_spectrograms\e01316.npy
e01317,-1,./processed_spectrograms\e01317.npy
e01318,-1,./processed_spectrograms\e01318.npy
e01319,-1,./processed_spectrograms\e01319.npy
e01320,-1,./processed_spectrograms\e01320.npy
e01321,-1,./processed_spectrograms\e01321.npy
e01322,-1,./processed_spectrograms\e01322.npy
e01323,-1,./processed_spectrograms\e01323.npy
e01324,-1,./processed_spectrograms\e01324.npy
e01325,-1,./processed_spectrograms\e01325.npy
e01326,-1,./processed_spectrograms\e01326.npy
e01327,-1,./processed_spectrograms\e01327.npy
e01328,-1,./processed_spectrograms\e01328.npy
e01329,-1,./processed_spectrograms\e01329.npy
e01330,-1,./processed_spectrograms\e01330.npy
e01331,-1,./processed_spectrograms\e01331.npy
e01332,-1,./processed_spectrograms\e01332.npy
e01333,-1,./processed_spectrograms\e01333.npy
e01334,-1,./processed_spectrograms\e01334.npy
e01335,-1,./processed_spectrograms\e01335.npy
e01336,-1,./processed_spectrograms\e01336.npy
e01337,-1,./processed_spectrograms\e01337.npy
e01338,-1,./processed_spectrograms\e01338.npy
e01339,-1,./processed_spectrograms\e01339.npy
e01340,-1,./processed_spectrograms\e01340.npy
e01341,1,./processed_spectrograms\e01341.npy
e01342,-1,./processed_spectrograms\e01342.npy
e01343,-1,./processed_spectrograms\e01343.npy
e01344,-1,./processed_spectrograms\e01344.npy
e01345,-1,./processed_spectrograms\e01345.npy
e01346,-1,./processed_spectrograms\e01346.npy
e01347,-1,./processed_spectrograms\e01347.npy
e01348,-1,./processed_spectrograms\e01348.npy
e01349,-1,./processed_spectrograms\e01349.npy
e01350,-1,./processed_spectrograms\e01350.npy
e01351,1,./processed_spectrograms\e01351.npy
e01352,-1,./processed_spectrograms\e01352.npy
e01353,-1,./processed_spectrograms\e01353.npy
e01354,-1,./processed_spectrograms\e01354.npy
e01355,-1,./processed_spectrograms\e01355.npy
e01356,-1,./processed_spectrograms\e01356.npy
e01357,-1,./processed_spectrograms\e01357.npy
e01358,-1,./processed_spectrograms\e01358.npy
e01359,-1,./processed_spectrograms\e01359.npy
e01360,-1,./processed_spectrograms\e01360.npy
e01361,-1,./processed_spectrograms\e01361.npy
e01362,-1,./processed_spectrograms\e01362.npy
e01363,-1,./processed_spectrograms\e01363.npy
e01364,-1,./processed_spectrograms\e01364.npy
e01365,1,./processed_spectrograms\e01365.npy
e01366,-1,./processed_spectrograms\e01366.npy
e01367,1,./processed_spectrograms\e01367.npy
e01368,-1,./processed_spectrograms\e01368.npy
e01369,-1,./processed_spectrograms\e01369.npy
e01370,-1,./processed_spectrograms\e01370.npy
e01371,-1,./processed_spectrograms\e01371.npy
e01372,-1,./processed_spectrograms\e01372.npy
e01373,-1,./processed_spectrograms\e01373.npy
e01374,1,./processed_spectrograms\e01374.npy
e01375,1,./processed_spectrograms\e01375.npy
e01376,1,./processed_spectrograms\e01376.npy
e01377,-1,./processed_spectrograms\e01377.npy
e01378,-1,./processed_spectrograms\e01378.npy
e01379,-1,./processed_spectrograms\e01379.npy
e01380,-1,./processed_spectrograms\e01380.npy
e01381,-1,./processed_spectrograms\e01381.npy
e01382,1,./processed_spectrograms\e01382.npy
e01383,1,./processed_spectrograms\e01383.npy
e01384,-1,./processed_spectrograms\e01384.npy
e01385,-1,./processed_spectrograms\e01385.npy
e01386,-1,./processed_spectrograms\e01386.npy
e01387,-1,./processed_spectrograms\e01387.npy
e01388,-1,./processed_spectrograms\e01388.npy
e01389,-1,./processed_spectrograms\e01389.npy
e01390,-1,./processed_spectrograms\e01390.npy
e01391,-1,./processed_spectrograms\e01391.npy
e01392,-1,./processed_spectrograms\e01392.npy
e01393,-1,./processed_spectrograms\e01393.npy
e01394,-1,./processed_spectrograms\e01394.npy
e01395,-1,./processed_spectrograms\e01395.npy
e01396,-1,./processed_spectrograms\e01396.npy
e01397,-1,./processed_spectrograms\e01397.npy
e01398,-1,./processed_spectrograms\e01398.npy
e01399,1,./processed_spectrograms\e01399.npy
e01400,-1,./processed_spectrograms\e01400.npy
e01401,-1,./processed_spectrograms\e01401.npy
e01402,-1,./processed_spectrograms\e01402.npy
e01403,-1,./processed_spectrograms\e01403.npy
e01404,-1,./processed_spectrograms\e01404.npy
e01405,-1,./processed_spectrograms\e01405.npy
e01406,-1,./processed_spectrograms\e01406.npy
e01407,-1,./processed_spectrograms\e01407.npy
e01408,-1,./processed_spectrograms\e01408.npy
e01409,-1,./processed_spectrograms\e01409.npy
e01410,-1,./processed_spectrograms\e01410.npy
e01411,-1,./processed_spectrograms\e01411.npy
e01412,-1,./processed_spectrograms\e01412.npy
e01413,-1,./processed_spectrograms\e01413.npy
e01414,-1,./processed_spectrograms\e01414.npy
e01415,-1,./processed_spectrograms\e01415.npy
e01416,-1,./processed_spectrograms\e01416.npy
e01417,-1,./processed_spectrograms\e01417.npy
e01418,-1,./processed_spectrograms\e01418.npy
e01419,-1,./processed_spectrograms\e01419.npy
e01420,-1,./processed_spectrograms\e01420.npy
e01421,1,./processed_spectrograms\e01421.npy
e01422,-1,./processed_spectrograms\e01422.npy
e01423,-1,./processed_spectrograms\e01423.npy
e01424,-1,./processed_spectrograms\e01424.npy
e01425,-1,./processed_spectrograms\e01425.npy
e01426,-1,./processed_spectrograms\e01426.npy
e01427,-1,./processed_spectrograms\e01427.npy
e01428,-1,./processed_spectrograms\e01428.npy
e01429,-1,./processed_spectrograms\e01429.npy
e01430,-1,./processed_spectrograms\e01430.npy
e01431,-1,./processed_spectrograms\e01431.npy
e01432,-1,./processed_spectrograms\e01432.npy
e01433,-1,./processed_spectrograms\e01433.npy
e01434,-1,./processed_spectrograms\e01434.npy
e01435,-1,./processed_spectrograms\e01435.npy
e01436,-1,./processed_spectrograms\e01436.npy
e01437,-1,./processed_spectrograms\e01437.npy
e01438,-1,./processed_spectrograms\e01438.npy
e01439,-1,./processed_spectrograms\e01439.npy
e01440,-1,./processed_spectrograms\e01440.npy
e01441,-1,./processed_spectrograms\e01441.npy
e01442,-1,./processed_spectrograms\e01442.npy
e01443,-1,./processed_spectrograms\e01443.npy
e01444,-1,./processed_spectrograms\e01444.npy
e01445,-1,./processed_spectrograms\e01445.npy
e01446,-1,./processed_spectrograms\e01446.npy
e01447,-1,./processed_spectrograms\e01447.npy
e01448,-1,./processed_spectrograms\e01448.npy
e01449,-1,./processed_spectrograms\e01449.npy
e01450,-1,./processed_spectrograms\e01450.npy
e01451,-1,./processed_spectrograms\e01451.npy
e01452,-1,./processed_spectrograms\e01452.npy
e01453,-1,./processed_spectrograms\e01453.npy
e01454,-1,./processed_spectrograms\e01454.npy
e01455,-1,./processed_spectrograms\e01455.npy
e01456,-1,./processed_spectrograms\e01456.npy
e01457,1,./processed_spectrograms\e01457.npy
e01458,-1,./processed_spectrograms\e01458.npy
e01459,-1,./processed_spectrograms\e01459.npy
e01460,-1,./processed_spectrograms\e01460.npy
e01461,1,./processed_spectrograms\e01461.npy
e01462,-1,./processed_spectrograms\e01462.npy
e01463,-1,./processed_spectrograms\e01463.npy
e01464,-1,./processed_spectrograms\e01464.npy
e01465,-1,./processed_spectrograms\e01465.npy
e01466,-1,./processed_spectrograms\e01466.npy
e01467,-1,./processed_spectrograms\e01467.npy
e01468,-1,./processed_spectrograms\e01468.npy
e01469,-1,./processed_spectrograms\e01469.npy
e01470,-1,./processed_spectrograms\e01470.npy
e01471,-1,./processed_spectrograms\e01471.npy
e01472,-1,./processed_spectrograms\e01472.npy
e01473,-1,./processed_spectrograms\e01473.npy
e01474,-1,./processed_spectrograms\e01474.npy
e01475,-1,./processed_spectrograms\e01475.npy
e01476,-1,./processed_spectrograms\e01476.npy
e01477,-1,./processed_spectrograms\e01477.npy
e01478,-1,./processed_spectrograms\e01478.npy
e01479,1,./processed_spectrograms\e01479.npy
e01480,-1,./processed_spectrograms\e01480.npy
e01481,-1,./processed_spectrograms\e01481.npy
e01482,-1,./processed_spectrograms\e01482.npy
e01483,1,./processed_spectrograms\e01483.npy
e01484,-1,./processed_spectrograms\e01484.npy
e01485,-1,./processed_spectrograms\e01485.npy
e01486,-1,./processed_spectrograms\e01486.npy
e01487,-1,./processed_spectrograms\e01487.npy
e01488,-1,./processed_spectrograms\e01488.npy
e01489,-1,./processed_spectrograms\e01489.npy
e01490,-1,./processed_spectrograms\e01490.npy
e01491,-1,./processed_spectrograms\e01491.npy
e01492,-1,./processed_spectrograms\e01492.npy
e01493,-1,./processed_spectrograms\e01493.npy
e01494,1,./processed_spectrograms\e01494.npy
e01495,-1,./processed_spectrograms\e01495.npy
e01496,-1,./processed_spectrograms\e01496.npy
e01497,-1,./processed_spectrograms\e01497.npy
e01498,-1,./processed_spectrograms\e01498.npy
e01499,-1,./processed_spectrograms\e01499.npy
e01500,-1,./processed_spectrograms\e01500.npy
e01501,-1,./processed_spectrograms\e01501.npy
e01502,1,./processed_spectrograms\e01502.npy
e01503,-1,./processed_spectrograms\e01503.npy
e01504,-1,./processed_spectrograms\e01504.npy
e01505,-1,./processed_spectrograms\e01505.npy
e01506,-1,./processed_spectrograms\e01506.npy
e01507,-1,./processed_spectrograms\e01507.npy
e01508,-1,./processed_spectrograms\e01508.npy
e01509,-1,./processed_spectrograms\e01509.npy
e01510,-1,./processed_spectrograms\e01510.npy
e01511,1,./processed_spectrograms\e01511.npy
e01512,-1,./processed_spectrograms\e01512.npy
e01513,-1,./processed_spectrograms\e01513.npy
e01514,-1,./processed_spectrograms\e01514.npy
e01515,-1,./processed_spectrograms\e01515.npy
e01516,-1,./processed_spectrograms\e01516.npy
e01517,-1,./processed_spectrograms\e01517.npy
e01518,-1,./processed_spectrograms\e01518.npy
e01519,-1,./processed_spectrograms\e01519.npy
e01520,-1,./processed_spectrograms\e01520.npy
e01521,-1,./processed_spectrograms\e01521.npy
e01522,-1,./processed_spectrograms\e01522.npy
e01523,-1,./processed_spectrograms\e01523.npy
e01524,-1,./processed_spectrograms\e01524.npy
e01525,-1,./processed_spectrograms\e01525.npy
e01526,-1,./processed_spectrograms\e01526.npy
e01527,-1,./processed_spectrograms\e01527.npy
e01528,-1,./processed_spectrograms\e01528.npy
e01529,1,./processed_spectrograms\e01529.npy
e01530,-1,./processed_spectrograms\e01530.npy
e01531,1,./processed_spectrograms\e01531.npy
e01532,-1,./processed_spectrograms\e01532.npy
e01533,-1,./processed_spectrograms\e01533.npy
e01534,-1,./processed_spectrograms\e01534.npy
e01535,-1,./processed_spectrograms\e01535.npy
e01536,-1,./processed_spectrograms\e01536.npy
e01537,-1,./processed_spectrograms\e01537.npy
e01538,-1,./processed_spectrograms\e01538.npy
e01539,-1,./processed_spectrograms\e01539.npy
e01540,-1,./processed_spectrograms\e01540.npy
e01541,-1,./processed_spectrograms\e01541.npy
e01542,-1,./processed_spectrograms\e01542.npy
e01543,-1,./processed_spectrograms\e01543.npy
e01544,-1,./processed_spectrograms\e01544.npy
e01545,-1,./processed_spectrograms\e01545.npy
e01546,-1,./processed_spectrograms\e01546.npy
e01547,-1,./processed_spectrograms\e01547.npy
e01548,-1,./processed_spectrograms\e01548.npy
e01549,-1,./processed_spectrograms\e01549.npy
e01550,-1,./processed_spectrograms\e01550.npy
e01551,-1,./processed_spectrograms\e01551.npy
e01552,-1,./processed_spectrograms\e01552.npy
e01553,-1,./processed_spectrograms\e01553.npy
e01554,-1,./processed_spectrograms\e01554.npy
e01555,-1,./processed_spectrograms\e01555.npy
e01556,-1,./processed_spectrograms\e01556.npy
e01557,-1,./processed_spectrograms\e01557.npy
e01558,-1,./processed_spectrograms\e01558.npy
e01559,1,./processed_spectrograms\e01559.npy
e01560,-1,./processed_spectrograms\e01560.npy
e01561,-1,./processed_spectrograms\e01561.npy
e01562,-1,./processed_spectrograms\e01562.npy
e01563,-1,./processed_spectrograms\e01563.npy
e01564,-1,./processed_spectrograms\e01564.npy
e01565,-1,./processed_spectrograms\e01565.npy
e01566,-1,./processed_spectrograms\e01566.npy
e01567,-1,./processed_spectrograms\e01567.npy
e01568,1,./processed_spectrograms\e01568.npy
e01569,-1,./processed_spectrograms\e01569.npy
e01570,-1,./processed_spectrograms\e01570.npy
e01571,-1,./processed_spectrograms\e01571.npy
e01572,1,./processed_spectrograms\e01572.npy
e01573,-1,./processed_spectrograms\e01573.npy
e01574,-1,./processed_spectrograms\e01574.npy
e01575,-1,./processed_spectrograms\e01575.npy
e01576,-1,./processed_spectrograms\e01576.npy
e01577,-1,./processed_spectrograms\e01577.npy
e01578,-1,./processed_spectrograms\e01578.npy
e01579,-1,./processed_spectrograms\e01579.npy
e01580,-1,./processed_spectrograms\e01580.npy
e01581,1,./processed_spectrograms\e01581.npy
e01582,-1,./processed_spectrograms\e01582.npy
e01583,-1,./processed_spectrograms\e01583.npy
e01584,-1,./processed_spectrograms\e01584.npy
e01585,-1,./processed_spectrograms\e01585.npy
e01586,-1,./processed_spectrograms\e01586.npy
e01587,-1,./processed_spectrograms\e01587.npy
e01588,-1,./processed_spectrograms\e01588.npy
e01589,-1,./processed_spectrograms\e01589.npy
e01590,-1,./processed_spectrograms\e01590.npy
e01591,-1,./processed_spectrograms\e01591.npy
e01592,-1,./processed_spectrograms\e01592.npy
e01593,-1,./processed_spectrograms\e01593.npy
e01594,-1,./processed_spectrograms\e01594.npy
e01595,-1,./processed_spectrograms\e01595.npy
e01596,-1,./processed_spectrograms\e01596.npy
e01597,-1,./processed_spectrograms\e01597.npy
e01598,-1,./processed_spectrograms\e01598.npy
e01599,-1,./processed_spectrograms\e01599.npy
e01600,-1,./processed_spectrograms\e01600.npy
e01601,1,./processed_spectrograms\e01601.npy
e01602,1,./processed_spectrograms\e01602.npy
e01603,-1,./processed_spectrograms\e01603.npy
e01604,-1,./processed_spectrograms\e01604.npy
e01605,1,./processed_spectrograms\e01605.npy
e01606,-1,./processed_spectrograms\e01606.npy
e01607,-1,./processed_spectrograms\e01607.npy
e01608,-1,./processed_spectrograms\e01608.npy
e01609,-1,./processed_spectrograms\e01609.npy
e01610,-1,./processed_spectrograms\e01610.npy
e01611,-1,./processed_spectrograms\e01611.npy
e01612,-1,./processed_spectrograms\e01612.npy
e01613,-1,./processed_spectrograms\e01613.npy
e01614,-1,./processed_spectrograms\e01614.npy
e01615,-1,./processed_spectrograms\e01615.npy
e01616,-1,./processed_spectrograms\e01616.npy
e01617,-1,./processed_spectrograms\e01617.npy
e01618,-1,./processed_spectrograms\e01618.npy
e01619,-1,./processed_spectrograms\e01619.npy
e01620,-1,./processed_spectrograms\e01620.npy
e01621,-1,./processed_spectrograms\e01621.npy
e01622,-1,./processed_spectrograms\e01622.npy
e01623,1,./processed_spectrograms\e01623.npy
e01624,-1,./processed_spectrograms\e01624.npy
e01625,-1,./processed_spectrograms\e01625.npy
e01626,-1,./processed_spectrograms\e01626.npy
e01627,-1,./processed_spectrograms\e01627.npy
e01628,-1,./processed_spectrograms\e01628.npy
e01629,-1,./processed_spectrograms\e01629.npy
e01630,-1,./processed_spectrograms\e01630.npy
e01631,-1,./processed_spectrograms\e01631.npy
e01632,-1,./processed_spectrograms\e01632.npy
e01633,-1,./processed_spectrograms\e01633.npy
e01634,-1,./processed_spectrograms\e01634.npy
e01635,-1,./processed_spectrograms\e01635.npy
e01636,-1,./processed_spectrograms\e01636.npy
e01637,1,./processed_spectrograms\e01637.npy
e01638,1,./processed_spectrograms\e01638.npy
e01639,-1,./processed_spectrograms\e01639.npy
e01640,-1,./processed_spectrograms\e01640.npy
e01641,-1,./processed_spectrograms\e01641.npy
e01642,-1,./processed_spectrograms\e01642.npy
e01643,-1,./processed_spectrograms\e01643.npy
e01644,-1,./processed_spectrograms\e01644.npy
e01645,-1,./processed_spectrograms\e01645.npy
e01646,-1,./processed_spectrograms\e01646.npy
e01647,-1,./processed_spectrograms\e01647.npy
e01648,-1,./processed_spectrograms\e01648.npy
e01649,-1,./processed_spectrograms\e01649.npy
e01650,-1,./processed_spectrograms\e01650.npy
e01651,1,./processed_spectrograms\e01651.npy
e01652,-1,./processed_spectrograms\e01652.npy
e01653,-1,./processed_spectrograms\e01653.npy
e01654,-1,./processed_spectrograms\e01654.npy
e01655,-1,./processed_spectrograms\e01655.npy
e01656,-1,./processed_spectrograms\e01656.npy
e01657,-1,./processed_spectrograms\e01657.npy
e01658,-1,./processed_spectrograms\e01658.npy
e01659,-1,./processed_spectrograms\e01659.npy
e01660,-1,./processed_spectrograms\e01660.npy
e01661,1,./processed_spectrograms\e01661.npy
e01662,-1,./processed_spectrograms\e01662.npy
e01663,-1,./processed_spectrograms\e01663.npy
e01664,-1,./processed_spectrograms\e01664.npy
e01665,1,./processed_spectrograms\e01665.npy
e01666,-1,./processed_spectrograms\e01666.npy
e01667,-1,./processed_spectrograms\e01667.npy
e01668,1,./processed_spectrograms\e01668.npy
e01669,-1,./processed_spectrograms\e01669.npy
e01670,-1,./processed_spectrograms\e01670.npy
e01671,-1,./processed_spectrograms\e01671.npy
e01672,-1,./processed_spectrograms\e01672.npy
e01673,-1,./processed_spectrograms\e01673.npy
e01674,-1,./processed_spectrograms\e01674.npy
e01675,-1,./processed_spectrograms\e01675.npy
e01676,-1,./processed_spectrograms\e01676.npy
e01677,-1,./processed_spectrograms\e01677.npy
e01678,-1,./processed_spectrograms\e01678.npy
e01679,-1,./processed_spectrograms\e01679.npy
e01680,-1,./processed_spectrograms\e01680.npy
e01681,-1,./processed_spectrograms\e01681.npy
e01682,-1,./processed_spectrograms\e01682.npy
e01683,-1,./processed_spectrograms\e01683.npy
e01684,1,./processed_spectrograms\e01684.npy
e01685,-1,./processed_spectrograms\e01685.npy
e01686,1,./processed_spectrograms\e01686.npy
e01687,-1,./processed_spectrograms\e01687.npy
e01688,-1,./processed_spectrograms\e01688.npy
e01689,1,./processed_spectrograms\e01689.npy
e01690,-1,./processed_spectrograms\e01690.npy
e01691,-1,./processed_spectrograms\e01691.npy
e01692,-1,./processed_spectrograms\e01692.npy
e01693,-1,./processed_spectrograms\e01693.npy
e01694,-1,./processed_spectrograms\e01694.npy
e01695,-1,./processed_spectrograms\e01695.npy
e01696,-1,./processed_spectrograms\e01696.npy
e01697,1,./processed_spectrograms\e01697.npy
e01698,-1,./processed_spectrograms\e01698.npy
e01699,-1,./processed_spectrograms\e01699.npy
e01700,-1,./processed_spectrograms\e01700.npy
e01701,-1,./processed_spectrograms\e01701.npy
e01702,-1,./processed_spectrograms\e01702.npy
e01703,-1,./processed_spectrograms\e01703.npy
e01704,-1,./processed_spectrograms\e01704.npy
e01705,-1,./processed_spectrograms\e01705.npy
e01706,-1,./processed_spectrograms\e01706.npy
e01707,-1,./processed_spectrograms\e01707.npy
e01708,-1,./processed_spectrograms\e01708.npy
e01709,-1,./processed_spectrograms\e01709.npy
e01710,-1,./processed_spectrograms\e01710.npy
e01711,1,./processed_spectrograms\e01711.npy
e01712,-1,./processed_spectrograms\e01712.npy
e01713,-1,./processed_spectrograms\e01713.npy
e01714,-1,./processed_spectrograms\e01714.npy
e01715,-1,./processed_spectrograms\e01715.npy
e01716,-1,./processed_spectrograms\e01716.npy
e01717,-1,./processed_spectrograms\e01717.npy
e01718,-1,./processed_spectrograms\e01718.npy
e01719,1,./processed_spectrograms\e01719.npy
e01720,-1,./processed_spectrograms\e01720.npy
e01721,-1,./processed_spectrograms\e01721.npy
e01722,-1,./processed_spectrograms\e01722.npy
e01723,-1,./processed_spectrograms\e01723.npy
e01724,-1,./processed_spectrograms\e01724.npy
e01725,-1,./processed_spectrograms\e01725.npy
e01726,-1,./processed_spectrograms\e01726.npy
e01727,-1,./processed_spectrograms\e01727.npy
e01728,-1,./processed_spectrograms\e01728.npy
e01729,-1,./processed_spectrograms\e01729.npy
e01730,-1,./processed_spectrograms\e01730.npy
e01731,-1,./processed_spectrograms\e01731.npy
e01732,1,./processed_spectrograms\e01732.npy
e01733,-1,./processed_spectrograms\e01733.npy
e01734,-1,./processed_spectrograms\e01734.npy
e01735,-1,./processed_spectrograms\e01735.npy
e01736,-1,./processed_spectrograms\e01736.npy
e01737,-1,./processed_spectrograms\e01737.npy
e01738,-1,./processed_spectrograms\e01738.npy
e01739,-1,./processed_spectrograms\e01739.npy
e01740,-1,./processed_spectrograms\e01740.npy
e01741,-1,./processed_spectrograms\e01741.npy
e01742,-1,./processed_spectrograms\e01742.npy
e01743,-1,./processed_spectrograms\e01743.npy
e01744,-1,./processed_spectrograms\e01744.npy
e01745,-1,./processed_spectrograms\e01745.npy
e01746,-1,./processed_spectrograms\e01746.npy
e01747,-1,./processed_spectrograms\e01747.npy
e01748,-1,./processed_spectrograms\e01748.npy
e01749,-1,./processed_spectrograms\e01749.npy
e01750,-1,./processed_spectrograms\e01750.npy
e01751,-1,./processed_spectrograms\e01751.npy
e01752,-1,./processed_spectrograms\e01752.npy
e01753,-1,./processed_spectrograms\e01753.npy
e01754,-1,./processed_spectrograms\e01754.npy
e01755,-1,./processed_spectrograms\e01755.npy
e01756,1,./processed_spectrograms\e01756.npy
e01757,-1,./processed_spectrograms\e01757.npy
e01758,-1,./processed_spectrograms\e01758.npy
e01759,-1,./processed_spectrograms\e01759.npy
e01760,-1,./processed_spectrograms\e01760.npy
e01761,-1,./processed_spectrograms\e01761.npy
e01762,-1,./processed_spectrograms\e01762.npy
e01763,-1,./processed_spectrograms\e01763.npy
e01764,-1,./processed_spectrograms\e01764.npy
e01765,-1,./processed_spectrograms\e01765.npy
e01766,1,./processed_spectrograms\e01766.npy
e01767,-1,./processed_spectrograms\e01767.npy
e01768,-1,./processed_spectrograms\e01768.npy
e01769,-1,./processed_spectrograms\e01769.npy
e01770,-1,./processed_spectrograms\e01770.npy
e01771,-1,./processed_spectrograms\e01771.npy
e01772,-1,./processed_spectrograms\e01772.npy
e01773,-1,./processed_spectrograms\e01773.npy
e01774,-1,./processed_spectrograms\e01774.npy
e01775,-1,./processed_spectrograms\e01775.npy
e01776,-1,./processed_spectrograms\e01776.npy
e01777,-1,./processed_spectrograms\e01777.npy
e01778,-1,./processed_spectrograms\e01778.npy
e01779,-1,./processed_spectrograms\e01779.npy
e01780,-1,./processed_spectrograms\e01780.npy
e01781,-1,./processed_spectrograms\e01781.npy
e01782,-1,./processed_spectrograms\e01782.npy
e01783,-1,./processed_spectrograms\e01783.npy
e01784,-1,./processed_spectrograms\e01784.npy
e01785,-1,./processed_spectrograms\e01785.npy
e01786,-1,./processed_spectrograms\e01786.npy
e01787,1,./processed_spectrograms\e01787.npy
e01788,-1,./processed_spectrograms\e01788.npy
e01789,-1,./processed_spectrograms\e01789.npy
e01790,-1,./processed_spectrograms\e01790.npy
e01791,1,./processed_spectrograms\e01791.npy
e01792,-1,./processed_spectrograms\e01792.npy
e01793,-1,./processed_spectrograms\e01793.npy
e01794,-1,./processed_spectrograms\e01794.npy
e01795,-1,./processed_spectrograms\e01795.npy
e01796,-1,./processed_spectrograms\e01796.npy
e01797,-1,./processed_spectrograms\e01797.npy
e01798,-1,./processed_spectrograms\e01798.npy
e01799,-1,./processed_spectrograms\e01799.npy
e01800,-1,./processed_spectrograms\e01800.npy
e01801,-1,./processed_spectrograms\e01801.npy
e01802,-1,./processed_spectrograms\e01802.npy
e01803,-1,./processed_spectrograms\e01803.npy
e01804,-1,./processed_spectrograms\e01804.npy
e01805,-1,./processed_spectrograms\e01805.npy
e01806,-1,./processed_spectrograms\e01806.npy
e01807,-1,./processed_spectrograms\e01807.npy
e01808,-1,./processed_spectrograms\e01808.npy
e01809,-1,./processed_spectrograms\e01809.npy
e01810,-1,./processed_spectrograms\e01810.npy
e01811,-1,./processed_spectrograms\e01811.npy
e01812,1,./processed_spectrograms\e01812.npy
e01813,-1,./processed_spectrograms\e01813.npy
e01814,-1,./processed_spectrograms\e01814.npy
e01815,-1,./processed_spectrograms\e01815.npy
e01816,-1,./processed_spectrograms\e01816.npy
e01817,-1,./processed_spectrograms\e01817.npy
e01818,-1,./processed_spectrograms\e01818.npy
e01819,-1,./processed_spectrograms\e01819.npy
e01820,-1,./processed_spectrograms\e01820.npy
e01821,-1,./processed_spectrograms\e01821.npy
e01822,-1,./processed_spectrograms\e01822.npy
e01823,-1,./processed_spectrograms\e01823.npy
e01824,1,./processed_spectrograms\e01824.npy
e01825,-1,./processed_spectrograms\e01825.npy
e01826,-1,./processed_spectrograms\e01826.npy
e01827,-1,./processed_spectrograms\e01827.npy
e01828,-1,./processed_spectrograms\e01828.npy
e01829,-1,./processed_spectrograms\e01829.npy
e01830,-1,./processed_spectrograms\e01830.npy
e01831,-1,./processed_spectrograms\e01831.npy
e01832,1,./processed_spectrograms\e01832.npy
e01833,-1,./processed_spectrograms\e01833.npy
e01834,-1,./processed_spectrograms\e01834.npy
e01835,-1,./processed_spectrograms\e01835.npy
e01836,-1,./processed_spectrograms\e01836.npy
e01837,-1,./processed_spectrograms\e01837.npy
e01838,-1,./processed_spectrograms\e01838.npy
e01839,-1,./processed_spectrograms\e01839.npy
e01840,-1,./processed_spectrograms\e01840.npy
e01841,-1,./processed_spectrograms\e01841.npy
e01842,-1,./processed_spectrograms\e01842.npy
e01843,-1,./processed_spectrograms\e01843.npy
e01844,-1,./processed_spectrograms\e01844.npy
e01845,-1,./processed_spectrograms\e01845.npy
e01846,1,./processed_spectrograms\e01846.npy
e01847,-1,./processed_spectrograms\e01847.npy
e01848,1,./processed_spectrograms\e01848.npy
e01849,-1,./processed_spectrograms\e01849.npy
e01850,-1,./processed_spectrograms\e01850.npy
e01851,-1,./processed_spectrograms\e01851.npy
e01852,-1,./processed_spectrograms\e01852.npy
e01853,-1,./processed_spectrograms\e01853.npy
e01854,-1,./processed_spectrograms\e01854.npy
e01855,1,./processed_spectrograms\e01855.npy
e01856,1,./processed_spectrograms\e01856.npy
e01857,1,./processed_spectrograms\e01857.npy
e01858,-1,./processed_spectrograms\e01858.npy
e01859,-1,./processed_spectrograms\e01859.npy
e01860,-1,./processed_spectrograms\e01860.npy
e01861,-1,./processed_spectrograms\e01861.npy
e01862,-1,./processed_spectrograms\e01862.npy
e01863,-1,./processed_spectrograms\e01863.npy
e01864,-1,./processed_spectrograms\e01864.npy
e01865,-1,./processed_spectrograms\e01865.npy
e01866,-1,./processed_spectrograms\e01866.npy
e01867,1,./processed_spectrograms\e01867.npy
e01868,-1,./processed_spectrograms\e01868.npy
e01869,1,./processed_spectrograms\e01869.npy
e01870,-1,./processed_spectrograms\e01870.npy
e01871,-1,./processed_spectrograms\e01871.npy
e01872,-1,./processed_spectrograms\e01872.npy
e01873,-1,./processed_spectrograms\e01873.npy
e01874,-1,./processed_spectrograms\e01874.npy
e01875,-1,./processed_spectrograms\e01875.npy
e01876,-1,./processed_spectrograms\e01876.npy
e01877,-1,./processed_spectrograms\e01877.npy
e01878,-1,./processed_spectrograms\e01878.npy
e01879,-1,./processed_spectrograms\e01879.npy
e01880,-1,./processed_spectrograms\e01880.npy
e01881,1,./processed_spectrograms\e01881.npy
e01882,-1,./processed_spectrograms\e01882.npy
e01883,-1,./processed_spectrograms\e01883.npy
e01884,-1,./processed_spectrograms\e01884.npy
e01885,-1,./processed_spectrograms\e01885.npy
e01886,-1,./processed_spectrograms\e01886.npy
e01887,-1,./processed_spectrograms\e01887.npy
e01888,-1,./processed_spectrograms\e01888.npy
e01889,-1,./processed_spectrograms\e01889.npy
e01890,-1,./processed_spectrograms\e01890.npy
e01891,-1,./processed_spectrograms\e01891.npy
e01892,-1,./processed_spectrograms\e01892.npy
e01893,-1,./processed_spectrograms\e01893.npy
e01894,-1,./processed_spectrograms\e01894.npy
e01895,-1,./processed_spectrograms\e01895.npy
e01896,-1,./processed_spectrograms\e01896.npy
e01897,-1,./processed_spectrograms\e01897.npy
e01898,-1,./processed_spectrograms\e01898.npy
e01899,-1,./processed_spectrograms\e01899.npy
e01900,-1,./processed_spectrograms\e01900.npy
e01901,-1,./processed_spectrograms\e01901.npy
e01902,-1,./processed_spectrograms\e01902.npy
e01903,-1,./processed_spectrograms\e01903.npy
e01904,-1,./processed_spectrograms\e01904.npy
e01905,-1,./processed_spectrograms\e01905.npy
e01906,-1,./processed_spectrograms\e01906.npy
e01907,-1,./processed_spectrograms\e01907.npy
e01908,-1,./processed_spectrograms\e01908.npy
e01909,-1,./processed_spectrograms\e01909.npy
e01910,-1,./processed_spectrograms\e01910.npy
e01911,-1,./processed_spectrograms\e01911.npy
e01912,-1,./processed_spectrograms\e01912.npy
e01913,-1,./processed_spectrograms\e01913.npy
e01914,-1,./processed_spectrograms\e01914.npy
e01915,-1,./processed_spectrograms\e01915.npy
e01916,-1,./processed_spectrograms\e01916.npy
e01917,1,./processed_spectrograms\e01917.npy
e01918,-1,./processed_spectrograms\e01918.npy
e01919,-1,./processed_spectrograms\e01919.npy
e01920,-1,./processed_spectrograms\e01920.npy
e01921,-1,./processed_spectrograms\e01921.npy
e01922,1,./processed_spectrograms\e01922.npy
e01923,-1,./processed_spectrograms\e01923.npy
e01924,-1,./processed_spectrograms\e01924.npy
e01925,-1,./processed_spectrograms\e01925.npy
e01926,-1,./processed_spectrograms\e01926.npy
e01927,-1,./processed_spectrograms\e01927.npy
e01928,-1,./processed_spectrograms\e01928.npy
e01929,1,./processed_spectrograms\e01929.npy
e01930,-1,./processed_spectrograms\e01930.npy
e01931,-1,./processed_spectrograms\e01931.npy
e01932,-1,./processed_spectrograms\e01932.npy
e01933,-1,./processed_spectrograms\e01933.npy
e01934,-1,./processed_spectrograms\e01934.npy
e01935,-1,./processed_spectrograms\e01935.npy
e01936,-1,./processed_spectrograms\e01936.npy
e01937,-1,./processed_spectrograms\e01937.npy
e01938,-1,./processed_spectrograms\e01938.npy
e01939,-1,./processed_spectrograms\e01939.npy
e01940,-1,./processed_spectrograms\e01940.npy
e01941,-1,./processed_spectrograms\e01941.npy
e01942,-1,./processed_spectrograms\e01942.npy
e01943,-1,./processed_spectrograms\e01943.npy
e01944,-1,./processed_spectrograms\e01944.npy
e01945,-1,./processed_spectrograms\e01945.npy
e01946,-1,./processed_spectrograms\e01946.npy
e01947,-1,./processed_spectrograms\e01947.npy
e01948,-1,./processed_spectrograms\e01948.npy
e01949,-1,./processed_spectrograms\e01949.npy
e01950,-1,./processed_spectrograms\e01950.npy
e01951,-1,./processed_spectrograms\e01951.npy
e01952,-1,./processed_spectrograms\e01952.npy
e01953,1,./processed_spectrograms\e01953.npy
e01954,-1,./processed_spectrograms\e01954.npy
e01955,-1,./processed_spectrograms\e01955.npy
e01956,-1,./processed_spectrograms\e01956.npy
e01957,-1,./processed_spectrograms\e01957.npy
e01958,-1,./processed_spectrograms\e01958.npy
e01959,-1,./processed_spectrograms\e01959.npy
e01960,-1,./processed_spectrograms\e01960.npy
e01961,-1,./processed_spectrograms\e01961.npy
e01962,1,./processed_spectrograms\e01962.npy
e01963,-1,./processed_spectrograms\e01963.npy
e01964,-1,./processed_spectrograms\e01964.npy
e01965,-1,./processed_spectrograms\e01965.npy
e01966,-1,./processed_spectrograms\e01966.npy
e01967,1,./processed_spectrograms\e01967.npy
e01968,-1,./processed_spectrograms\e01968.npy
e01969,-1,./processed_spectrograms\e01969.npy
e01970,-1,./processed_spectrograms\e01970.npy
e01971,1,./processed_spectrograms\e01971.npy
e01972,-1,./processed_spectrograms\e01972.npy
e01973,-1,./processed_spectrograms\e01973.npy
e01974,-1,./processed_spectrograms\e01974.npy
e01975,-1,./processed_spectrograms\e01975.npy
e01976,-1,./processed_spectrograms\e01976.npy
e01977,-1,./processed_spectrograms\e01977.npy
e01978,1,./processed_spectrograms\e01978.npy
e01979,-1,./processed_spectrograms\e01979.npy
e01980,-1,./processed_spectrograms\e01980.npy
e01981,-1,./processed_spectrograms\e01981.npy
e01982,-1,./processed_spectrograms\e01982.npy
e01983,-1,./processed_spectrograms\e01983.npy
e01984,-1,./processed_spectrograms\e01984.npy
e01985,-1,./processed_spectrograms\e01985.npy
e01986,-1,./processed_spectrograms\e01986.npy
e01987,-1,./processed_spectrograms\e01987.npy
e01988,-1,./processed_spectrograms\e01988.npy
e01989,-1,./processed_spectrograms\e01989.npy
e01990,-1,./processed_spectrograms\e01990.npy
e01991,-1,./processed_spectrograms\e01991.npy
e01992,1,./processed_spectrograms\e01992.npy
e01993,-1,./processed_spectrograms\e01993.npy
e01994,-1,./processed_spectrograms\e01994.npy
e01995,1,./processed_spectrograms\e01995.npy
e01996,-1,./processed_spectrograms\e01996.npy
e01997,-1,./processed_spectrograms\e01997.npy
e01998,-1,./processed_spectrograms\e01998.npy
e01999,-1,./processed_spectrograms\e01999.npy
e02000,-1,./processed_spectrograms\e02000.npy
e02001,-1,./processed_spectrograms\e02001.npy
e02002,-1,./processed_spectrograms\e02002.npy
e02003,-1,./processed_spectrograms\e02003.npy
e02004,-1,./processed_spectrograms\e02004.npy
e02005,-1,./processed_spectrograms\e02005.npy
e02006,-1,./processed_spectrograms\e02006.npy
e02007,-1,./processed_spectrograms\e02007.npy
e02008,-1,./processed_spectrograms\e02008.npy
e02009,-1,./processed_spectrograms\e02009.npy
e02010,-1,./processed_spectrograms\e02010.npy
e02011,-1,./processed_spectrograms\e02011.npy
e02012,-1,./processed_spectrograms\e02012.npy
e02013,-1,./processed_spectrograms\e02013.npy
e02014,-1,./processed_spectrograms\e02014.npy
e02015,-1,./processed_spectrograms\e02015.npy
e02016,-1,./processed_spectrograms\e02016.npy
e02017,-1,./processed_spectrograms\e02017.npy
e02018,-1,./processed_spectrograms\e02018.npy
e02019,-1,./processed_spectrograms\e02019.npy
e02020,-1,./processed_spectrograms\e02020.npy
e02021,-1,./processed_spectrograms\e02021.npy
e02022,-1,./processed_spectrograms\e02022.npy
e02023,-1,./processed_spectrograms\e02023.npy
e02024,-1,./processed_spectrograms\e02024.npy
e02025,-1,./processed_spectrograms\e02025.npy
e02026,-1,./processed_spectrograms\e02026.npy
e02027,-1,./processed_spectrograms\e02027.npy
e02028,-1,./processed_spectrograms\e02028.npy
e02029,-1,./processed_spectrograms\e02029.npy
e02030,1,./processed_spectrograms\e02030.npy
e02031,-1,./processed_spectrograms\e02031.npy
e02032,1,./processed_spectrograms\e02032.npy
e02033,-1,./processed_spectrograms\e02033.npy
e02034,-1,./processed_spectrograms\e02034.npy
e02035,-1,./processed_spectrograms\e02035.npy
e02036,-1,./processed_spectrograms\e02036.npy
e02037,-1,./processed_spectrograms\e02037.npy
e02038,-1,./processed_spectrograms\e02038.npy
e02039,-1,./processed_spectrograms\e02039.npy
e02040,-1,./processed_spectrograms\e02040.npy
e02041,-1,./processed_spectrograms\e02041.npy
e02042,-1,./processed_spectrograms\e02042.npy
e02043,-1,./processed_spectrograms\e02043.npy
e02044,1,./processed_spectrograms\e02044.npy
e02045,-1,./processed_spectrograms\e02045.npy
e02046,-1,./processed_spectrograms\e02046.npy
e02047,-1,./processed_spectrograms\e02047.npy
e02048,-1,./processed_spectrograms\e02048.npy
e02049,-1,./processed_spectrograms\e02049.npy
e02050,-1,./processed_spectrograms\e02050.npy
e02051,-1,./processed_spectrograms\e02051.npy
e02052,-1,./processed_spectrograms\e02052.npy
e02053,-1,./processed_spectrograms\e02053.npy
e02054,-1,./processed_spectrograms\e02054.npy
e02055,-1,./processed_spectrograms\e02055.npy
e02056,-1,./processed_spectrograms\e02056.npy
e02057,-1,./processed_spectrograms\e02057.npy
e02058,-1,./processed_spectrograms\e02058.npy
e02059,-1,./processed_spectrograms\e02059.npy
e02060,-1,./processed_spectrograms\e02060.npy
e02061,-1,./processed_spectrograms\e02061.npy
e02062,-1,./processed_spectrograms\e02062.npy
e02063,-1,./processed_spectrograms\e02063.npy
e02064,-1,./processed_spectrograms\e02064.npy
e02065,1,./processed_spectrograms\e02065.npy
e02066,-1,./processed_spectrograms\e02066.npy
e02067,-1,./processed_spectrograms\e02067.npy
e02068,-1,./processed_spectrograms\e02068.npy
e02069,-1,./processed_spectrograms\e02069.npy
e02070,-1,./processed_spectrograms\e02070.npy
e02071,-1,./processed_spectrograms\e02071.npy
e02072,-1,./processed_spectrograms\e02072.npy
e02073,-1,./processed_spectrograms\e02073.npy
e02074,1,./processed_spectrograms\e02074.npy
e02075,-1,./processed_spectrograms\e02075.npy
e02076,-1,./processed_spectrograms\e02076.npy
e02077,-1,./processed_spectrograms\e02077.npy
e02078,-1,./processed_spectrograms\e02078.npy
e02079,-1,./processed_spectrograms\e02079.npy
e02080,-1,./processed_spectrograms\e02080.npy
e02081,-1,./processed_spectrograms\e02081.npy
e02082,-1,./processed_spectrograms\e02082.npy
e02083,-1,./processed_spectrograms\e02083.npy
e02084,-1,./processed_spectrograms\e02084.npy
e02085,1,./processed_spectrograms\e02085.npy
e02086,-1,./processed_spectrograms\e02086.npy
e02087,-1,./processed_spectrograms\e02087.npy
e02088,-1,./processed_spectrograms\e02088.npy
e02089,-1,./processed_spectrograms\e02089.npy
e02090,-1,./processed_spectrograms\e02090.npy
e02091,-1,./processed_spectrograms\e02091.npy
e02092,-1,./processed_spectrograms\e02092.npy
e02093,-1,./processed_spectrograms\e02093.npy
e02094,-1,./processed_spectrograms\e02094.npy
e02095,-1,./processed_spectrograms\e02095.npy
e02096,-1,./processed_spectrograms\e02096.npy
e02097,1,./processed_spectrograms\e02097.npy
e02098,-1,./processed_spectrograms\e02098.npy
e02099,-1,./processed_spectrograms\e02099.npy
e02100,-1,./processed_spectrograms\e02100.npy
e02101,1,./processed_spectrograms\e02101.npy
e02102,1,./processed_spectrograms\e02102.npy
e02103,-1,./processed_spectrograms\e02103.npy
e02104,-1,./processed_spectrograms\e02104.npy
e02105,-1,./processed_spectrograms\e02105.npy
e02106,-1,./processed_spectrograms\e02106.npy
e02107,-1,./processed_spectrograms\e02107.npy
e02108,1,./processed_spectrograms\e02108.npy
e02109,-1,./processed_spectrograms\e02109.npy
e02110,-1,./processed_spectrograms\e02110.npy
e02111,-1,./processed_spectrograms\e02111.npy
e02112,-1,./processed_spectrograms\e02112.npy
e02113,-1,./processed_spectrograms\e02113.npy
e02114,-1,./processed_spectrograms\e02114.npy
e02115,-1,./processed_spectrograms\e02115.npy
e02116,-1,./processed_spectrograms\e02116.npy
e02117,-1,./processed_spectrograms\e02117.npy
e02118,-1,./processed_spectrograms\e02118.npy
e02119,-1,./processed_spectrograms\e02119.npy
e02120,-1,./processed_spectrograms\e02120.npy
e02121,1,./processed_spectrograms\e02121.npy
e02122,-1,./processed_spectrograms\e02122.npy
e02123,-1,./processed_spectrograms\e02123.npy
e02124,-1,./processed_spectrograms\e02124.npy
e02125,-1,./processed_spectrograms\e02125.npy
e02126,1,./processed_spectrograms\e02126.npy
e02127,-1,./processed_spectrograms\e02127.npy
e02128,-1,./processed_spectrograms\e02128.npy
e02129,-1,./processed_spectrograms\e02129.npy
e02130,-1,./processed_spectrograms\e02130.npy
e02131,-1,./processed_spectrograms\e02131.npy
e02132,-1,./processed_spectrograms\e02132.npy
e02133,1,./processed_spectrograms\e02133.npy
e02134,-1,./processed_spectrograms\e02134.npy
e02135,1,./processed_spectrograms\e02135.npy
e02136,-1,./processed_spectrograms\e02136.npy
e02137,1,./processed_spectrograms\e02137.npy
e02138,-1,./processed_spectrograms\e02138.npy
e02139,-1,./processed_spectrograms\e02139.npy
e02140,-1,./processed_spectrograms\e02140.npy
e02141,-1,./processed_spectrograms\e02141.npy
f0001,-1,./processed_spectrograms\f0001.npy
f0002,-1,./processed_spectrograms\f0002.npy
f0003,1,./processed_spectrograms\f0003.npy
f0004,-1,./processed_spectrograms\f0004.npy
f0005,-1,./processed_spectrograms\f0005.npy
f0006,-1,./processed_spectrograms\f0006.npy
f0007,1,./processed_spectrograms\f0007.npy
f0008,1,./processed_spectrograms\f0008.npy
f0009,-1,./processed_spectrograms\f0009.npy
f0010,-1,./processed_spectrograms\f0010.npy
f0011,-1,./processed_spectrograms\f0011.npy
f0012,1,./processed_spectrograms\f0012.npy
f0013,-1,./processed_spectrograms\f0013.npy
f0014,-1,./processed_spectrograms\f0014.npy
f0015,-1,./processed_spectrograms\f0015.npy
f0016,-1,./processed_spectrograms\f0016.npy
f0017,-1,./processed_spectrograms\f0017.npy
f0018,1,./processed_spectrograms\f0018.npy
f0019,-1,./processed_spectrograms\f0019.npy
f0020,1,./processed_spectrograms\f0020.npy
f0021,-1,./processed_spectrograms\f0021.npy
f0022,-1,./processed_spectrograms\f0022.npy
f0023,-1,./processed_spectrograms\f0023.npy
f0024,-1,./processed_spectrograms\f0024.npy
f0025,-1,./processed_spectrograms\f0025.npy
f0026,-1,./processed_spectrograms\f0026.npy
f0027,-1,./processed_spectrograms\f0027.npy
f0028,-1,./processed_spectrograms\f0028.npy
f0029,1,./processed_spectrograms\f0029.npy
f0030,-1,./processed_spectrograms\f0030.npy
f0031,-1,./processed_spectrograms\f0031.npy
f0032,-1,./processed_spectrograms\f0032.npy
f0033,-1,./processed_spectrograms\f0033.npy
f0034,1,./processed_spectrograms\f0034.npy
f0035,1,./processed_spectrograms\f0035.npy
f0036,-1,./processed_spectrograms\f0036.npy
f0037,-1,./processed_spectrograms\f0037.npy
f0038,-1,./processed_spectrograms\f0038.npy
f0039,-1,./processed_spectrograms\f0039.npy
f0040,-1,./processed_spectrograms\f0040.npy
f0041,1,./processed_spectrograms\f0041.npy
f0042,-1,./processed_spectrograms\f0042.npy
f0043,-1,./processed_spectrograms\f0043.npy
f0044,-1,./processed_spectrograms\f0044.npy
f0045,1,./processed_spectrograms\f0045.npy
f0046,-1,./processed_spectrograms\f0046.npy
f0047,1,./processed_spectrograms\f0047.npy
f0048,-1,./processed_spectrograms\f0048.npy
f0049,-1,./processed_spectrograms\f0049.npy
f0050,1,./processed_spectrograms\f0050.npy
f0051,-1,./processed_spectrograms\f0051.npy
f0052,1,./processed_spectrograms\f0052.npy
f0053,-1,./processed_spectrograms\f0053.npy
f0054,-1,./processed_spectrograms\f0054.npy
f0055,-1,./processed_spectrograms\f0055.npy
f0056,1,./processed_spectrograms\f0056.npy
f0057,1,./processed_spectrograms\f0057.npy
f0058,-1,./processed_spectrograms\f0058.npy
f0059,-1,./processed_spectrograms\f0059.npy
f0060,1,./processed_spectrograms\f0060.npy
f0061,-1,./processed_spectrograms\f0061.npy
f0062,-1,./processed_spectrograms\f0062.npy
f0063,1,./processed_spectrograms\f0063.npy
f0064,1,./processed_spectrograms\f0064.npy
f0065,-1,./processed_spectrograms\f0065.npy
f0066,-1,./processed_spectrograms\f0066.npy
f0067,1,./processed_spectrograms\f0067.npy
f0068,1,./processed_spectrograms\f0068.npy
f0069,1,./processed_spectrograms\f0069.npy
f0070,-1,./processed_spectrograms\f0070.npy
f0071,1,./processed_spectrograms\f0071.npy
f0072,1,./processed_spectrograms\f0072.npy
f0073,-1,./processed_spectrograms\f0073.npy
f0074,-1,./processed_spectrograms\f0074.npy
f0075,-1,./processed_spectrograms\f0075.npy
f0076,-1,./processed_spectrograms\f0076.npy
f0077,-1,./processed_spectrograms\f0077.npy
f0078,-1,./processed_spectrograms\f0078.npy
f0079,1,./processed_spectrograms\f0079.npy
f0080,-1,./processed_spectrograms\f0080.npy
f0081,-1,./processed_spectrograms\f0081.npy
f0082,1,./processed_spectrograms\f0082.npy
f0083,1,./processed_spectrograms\f0083.npy
f0084,-1,./processed_spectrograms\f0084.npy
f0085,1,./processed_spectrograms\f0085.npy
f0086,-1,./processed_spectrograms\f0086.npy
f0087,-1,./processed_spectrograms\f0087.npy
f0088,-1,./processed_spectrograms\f0088.npy
f0089,1,./processed_spectrograms\f0089.npy
f0090,1,./processed_spectrograms\f0090.npy
f0091,-1,./processed_spectrograms\f0091.npy
f0092,-1,./processed_spectrograms\f0092.npy
f0093,1,./processed_spectrograms\f0093.npy
f0094,-1,./processed_spectrograms\f0094.npy
f0095,-1,./processed_spectrograms\f0095.npy
f0096,1,./processed_spectrograms\f0096.npy
f0097,-1,./processed_spectrograms\f0097.npy
f0098,-1,./processed_spectrograms\f0098.npy
f0099,1,./processed_spectrograms\f0099.npy
f0100,-1,./processed_spectrograms\f0100.npy
f0101,-1,./processed_spectrograms\f0101.npy
f0102,-1,./processed_spectrograms\f0102.npy
f0103,1,./processed_spectrograms\f0103.npy
f0104,-1,./processed_spectrograms\f0104.npy
f0105,-1,./processed_spectrograms\f0105.npy
f0106,-1,./processed_spectrograms\f0106.npy
f0107,-1,./processed_spectrograms\f0107.npy
f0108,-1,./processed_spectrograms\f0108.npy
f0109,-1,./processed_spectrograms\f0109.npy
f0110,-1,./processed_spectrograms\f0110.npy
f0111,-1,./processed_spectrograms\f0111.npy
f0112,-1,./processed_spectrograms\f0112.npy
f0113,-1,./processed_spectrograms\f0113.npy
f0114,-1,./processed_spectrograms\f0114.npy
